hh,grp,first_day,last_day,n_days_any,n_days_full,dropped
MAC004719,ToU,2012-03-31,2014-02-27,699,668.0,0
MAC004948,ToU,2012-01-21,2014-02-27,769,739.0,0
MAC004952,ToU,2012-01-23,2014-02-27,767,740.0,0
MAC005085,ToU,2012-05-30,2014-02-27,638,616.0,0
MAC005474,ToU,2012-04-16,2014-02-27,682,657.0,0
MAC005549,ToU,2012-04-18,2014-02-27,678,654.0,0
MAC000004,Std,2012-05-08,2014-02-27,660,636.0,0
MAC000059,Std,2011-12-09,2014-02-27,812,780.0,0
MAC000090,Std,2011-12-12,2014-02-27,809,775.0,0
MAC000143,Std,2011-12-16,2014-02-27,805,774.0,0
MAC000205,Std,2011-11-29,2014-02-27,822,792.0,0
MAC000260,Std,2011-12-05,2014-02-27,816,786.0,0
MAC000348,Std,2012-03-09,2014-02-27,721,693.0,0
MAC000423,Std,2012-03-21,2014-02-27,709,682.0,0
MAC000455,Std,2012-03-23,2014-02-27,707,681.0,0
MAC000499,Std,2012-03-26,2014-02-27,704,677.0,0
MAC000562,Std,2012-04-11,2014-02-27,688,657.0,0
MAC000567,Std,2012-04-11,2013-03-06,330,317.0,1
MAC000637,Std,2012-04-13,2014-02-27,683,654.0,0
MAC000769,Std,2012-04-20,2014-02-27,676,652.0,0
MAC000774,Std,2012-04-20,2013-11-22,582,560.0,1
MAC001043,Std,2012-05-03,2014-02-27,664,637.0,0
MAC001076,Std,2012-05-08,2014-02-27,659,632.0,0
MAC001120,Std,2012-05-09,2014-02-27,657,628.0,0
MAC001153,Std,2012-05-09,2014-02-27,659,630.0,0
MAC001159,Std,2012-05-09,2014-02-27,660,633.0,0
MAC001276,Std,2012-05-14,2014-02-27,653,627.0,0
MAC001503,Std,2012-05-22,2014-02-27,647,620.0,0
MAC001588,Std,2012-05-25,2014-02-27,643,622.0,0
MAC001620,Std,2012-05-26,2014-02-27,642,620.0,0
MAC001787,Std,2012-06-06,2014-02-27,631,602.0,0
MAC001863,Std,2012-06-07,2014-02-27,629,604.0,0
MAC001972,Std,2012-06-12,2014-02-27,626,601.0,0
MAC002162,Std,2012-06-20,2014-02-27,618,594.0,0
MAC002204,Std,2012-06-26,2014-02-27,612,590.0,0
MAC002255,Std,2012-04-23,2014-02-27,673,646.0,0
MAC002375,Std,2012-04-28,2014-02-27,669,641.0,0
MAC002376,Std,2012-04-28,2014-02-27,671,645.0,0
MAC002434,Std,2012-04-30,2014-02-27,667,644.0,0
MAC002481,Std,2012-05-01,2014-02-27,667,644.0,0
MAC002582,Std,2012-07-10,2014-02-27,597,575.0,0
MAC002627,Std,2012-05-03,2014-02-27,666,643.0,0
MAC002772,Std,2012-05-10,2014-02-27,656,627.0,0
MAC002777,Std,2012-05-10,2014-02-27,659,633.0,0
MAC002821,Std,2012-05-11,2014-02-27,655,631.0,0
MAC002857,Std,2012-05-11,2014-02-27,656,630.0,0
MAC002980,Std,2012-07-05,2014-02-27,601,583.0,0
MAC003009,Std,2012-05-15,2013-04-25,346,331.0,1
MAC003051,Std,2012-05-15,2014-02-27,652,627.0,0
MAC003136,Std,2012-07-14,2014-02-27,594,570.0,0
MAC003169,Std,2012-09-12,2014-02-27,534,515.0,0
MAC003172,Std,2012-09-12,2014-02-27,534,513.0,0
MAC003356,Std,2012-09-26,2014-02-27,520,501.0,0
MAC003403,Std,2012-09-28,2014-02-27,518,498.0,0
MAC003449,Std,2012-10-02,2014-02-27,513,491.0,0
MAC003535,Std,2012-10-08,2014-02-27,508,490.0,0
MAC003591,Std,2012-10-10,2014-02-27,506,487.0,0
MAC003632,Std,2012-10-12,2014-02-27,504,482.0,0
MAC003834,Std,2012-10-23,2014-02-27,493,476.0,0
MAC003901,Std,2012-10-26,2014-02-27,490,473.0,0
MAC004017,Std,2012-07-06,2014-02-27,602,580.0,0
MAC004119,Std,2012-05-19,2013-03-11,294,284.0,1
MAC004163,Std,2012-05-21,2014-02-27,648,625.0,0
MAC004321,Std,2012-05-25,2014-02-27,644,616.0,0
MAC004393,Std,2012-03-17,2014-02-27,712,684.0,0
MAC004428,Std,2012-03-19,2014-02-27,711,687.0,0
MAC004539,Std,2011-12-21,2014-02-27,800,772.0,0
MAC004562,Std,2011-12-22,2014-02-27,799,771.0,0
MAC004627,Std,2012-07-11,2014-02-27,597,574.0,0
MAC004654,Std,2012-07-12,2014-02-27,596,574.0,0
MAC004704,Std,2012-07-13,2013-09-05,420,400.0,1
MAC004737,Std,2012-04-02,2014-02-27,695,669.0,0
MAC004777,Std,2012-04-03,2014-02-27,693,663.0,0
MAC004852,Std,2011-12-29,2014-02-27,792,761.0,0
MAC004963,Std,2012-01-23,2014-02-27,767,740.0,0
MAC005032,Std,2012-01-31,2014-02-27,759,729.0,0
MAC005065,Std,2012-05-29,2014-02-16,628,604.0,0
MAC005066,Std,2012-05-29,2014-02-27,638,613.0,0
MAC005235,Std,2012-02-06,2014-02-13,739,712.0,0
MAC005236,Std,2012-02-06,2014-02-27,753,726.0,0
MAC005268,Std,2012-02-09,2014-02-27,750,723.0,0
MAC005375,Std,2012-02-23,2014-02-27,736,708.0,0
MAC005376,Std,2012-02-23,2014-02-27,736,709.0,0
MAC005389,Std,2012-02-25,2014-02-27,734,707.0,0
MAC005440,Std,2012-04-16,2014-02-27,683,653.0,0
MAC005543,Std,2012-04-18,2014-02-27,678,650.0,0
MAC000046,ToU,2011-12-08,2014-02-27,813,782.0,0
MAC000186,ToU,2011-11-28,2014-02-27,823,785.0,0
MAC000366,ToU,2012-03-12,2014-02-27,718,690.0,0
MAC000708,ToU,2012-04-19,2014-02-27,678,651.0,0
MAC000857,ToU,2012-04-26,2014-02-27,671,644.0,0
MAC001013,ToU,2012-05-02,2014-02-27,666,643.0,0
MAC001626,ToU,2012-05-26,2014-02-27,642,620.0,0
MAC001767,ToU,2012-06-06,2014-02-27,630,606.0,0
MAC001773,ToU,2012-06-06,2014-02-27,629,606.0,0
MAC002444,ToU,2012-04-30,2014-02-27,667,634.0,0
MAC002811,ToU,2012-05-10,2014-02-27,656,629.0,0
MAC003379,ToU,2012-09-27,2014-02-27,519,500.0,0
MAC003892,ToU,2012-10-26,2014-02-27,490,468.0,0
MAC003897,ToU,2012-10-26,2014-02-27,490,472.0,0
MAC004012,ToU,2012-07-06,2014-02-27,602,578.0,0
MAC004184,ToU,2012-05-21,2014-02-27,647,618.0,0
MAC004399,ToU,2012-03-19,2014-02-27,711,683.0,0
MAC004400,ToU,2012-03-19,2014-02-27,711,686.0,0
MAC004670,ToU,2012-07-12,2014-02-27,596,575.0,0
MAC005080,ToU,2012-05-30,2014-02-27,637,615.0,0
MAC005146,ToU,2012-05-31,2014-02-27,637,613.0,0
MAC000095,Std,2011-12-12,2013-09-29,658,631.0,1
MAC000096,Std,2011-12-12,2014-02-27,809,778.0,0
MAC000301,Std,2012-03-03,2014-02-27,727,702.0,0
MAC000360,Std,2012-03-10,2014-02-27,720,692.0,0
MAC000404,Std,2012-03-14,2014-02-27,716,688.0,0
MAC000450,Std,2012-03-22,2013-05-14,418,398.0,1
MAC000558,Std,2012-04-12,2014-02-27,684,654.0,0
MAC000644,Std,2012-04-13,2014-02-27,685,660.0,0
MAC000678,Std,2012-04-18,2014-02-27,679,655.0,0
MAC000718,Std,2012-04-19,2014-02-27,626,603.0,0
MAC000753,Std,2012-04-20,2014-02-27,676,649.0,0
MAC000784,Std,2012-04-20,2014-02-27,677,652.0,0
MAC000825,Std,2012-04-25,2014-02-27,673,645.0,0
MAC000826,Std,2012-04-25,2014-02-27,673,645.0,0
MAC000862,Std,2012-04-26,2014-02-27,671,645.0,0
MAC000948,Std,2012-05-01,2014-02-27,667,639.0,0
MAC001063,Std,2012-05-08,2014-02-27,659,633.0,0
MAC001134,Std,2012-05-09,2013-02-26,291,276.0,1
MAC001205,Std,2012-05-12,2014-02-27,657,628.0,0
MAC001242,Std,2012-05-14,2014-02-27,654,628.0,0
MAC001301,Std,2012-05-14,2014-02-27,654,626.0,0
MAC001324,Std,2012-05-16,2014-02-27,651,621.0,0
MAC001381,Std,2012-05-17,2014-02-22,574,554.0,0
MAC001427,Std,2012-05-18,2012-12-21,215,206.0,1
MAC001450,Std,2012-05-21,2014-02-27,648,625.0,0
MAC001677,Std,2012-05-29,2014-02-27,637,609.0,0
MAC001681,Std,2012-05-29,2014-02-27,637,611.0,0
MAC001722,Std,2012-06-01,2014-02-27,634,611.0,0
MAC001753,Std,2012-06-02,2014-02-27,635,612.0,0
MAC001802,Std,2012-06-06,2014-02-27,626,597.0,0
MAC001807,Std,2012-06-06,2014-02-27,630,602.0,0
MAC001845,Std,2012-06-07,2014-02-27,629,606.0,0
MAC001890,Std,2012-06-08,2014-02-27,628,604.0,0
MAC001949,Std,2012-06-11,2014-02-27,626,602.0,0
MAC002020,Std,2012-06-13,2014-02-27,624,599.0,0
MAC002025,Std,2012-06-14,2014-02-27,622,599.0,0
MAC002256,Std,2012-04-23,2014-02-27,671,643.0,0
MAC002332,Std,2012-04-24,2014-01-07,624,600.0,0
MAC002337,Std,2012-04-24,2013-11-22,576,551.0,1
MAC002367,Std,2012-04-27,2014-02-27,672,641.0,0
MAC002460,Std,2012-04-30,2014-02-27,668,638.0,0
MAC002465,Std,2012-05-01,2014-02-13,653,628.0,0
MAC002543,Std,2012-07-09,2014-02-27,599,576.0,0
MAC002575,Std,2012-07-10,2014-02-27,598,575.0,0
MAC002576,Std,2012-07-10,2014-02-27,598,577.0,0
MAC002650,Std,2012-05-04,2013-09-19,500,479.0,1
MAC002683,Std,2012-05-04,2014-02-27,663,636.0,0
MAC002733,Std,2012-05-08,2014-02-27,659,633.0,0
MAC002846,Std,2012-05-11,2014-02-27,655,629.0,0
MAC002877,Std,2012-06-30,2014-02-27,603,578.0,0
MAC002952,Std,2012-07-03,2014-02-27,604,464.0,0
MAC003012,Std,2012-05-15,2014-02-27,653,630.0,0
MAC003122,Std,2012-05-17,2014-02-27,651,627.0,0
MAC003127,Std,2012-05-16,2014-02-27,653,629.0,0
MAC003163,Std,2012-07-30,2014-02-27,578,548.0,0
MAC003194,Std,2012-09-14,2014-02-27,531,512.0,0
MAC003313,Std,2012-09-24,2014-02-27,522,501.0,0
MAC003373,Std,2012-09-27,2014-02-27,518,495.0,0
MAC003498,Std,2012-10-04,2014-02-27,512,490.0,0
MAC003551,Std,2012-10-08,2014-02-27,508,489.0,0
MAC003618,Std,2012-10-11,2014-02-27,505,485.0,0
MAC003620,Std,2012-10-11,2014-02-27,505,484.0,0
MAC003754,Std,2012-10-19,2014-02-27,497,479.0,0
MAC003840,Std,2012-10-23,2014-02-27,493,468.0,0
MAC003961,Std,2012-07-06,2014-02-27,601,573.0,0
MAC004002,Std,2012-07-06,2014-02-27,602,579.0,0
MAC004387,Std,2012-03-16,2014-02-27,714,685.0,0
MAC004462,Std,2011-12-17,2014-02-27,804,774.0,0
MAC004533,Std,2011-12-21,2014-02-27,800,768.0,0
MAC004579,Std,2011-12-28,2014-02-27,793,759.0,0
MAC004581,Std,2011-12-28,2014-02-27,793,757.0,0
MAC004732,Std,2012-04-02,2014-02-27,697,669.0,0
MAC004889,Std,2012-01-12,2014-02-27,778,748.0,0
MAC004890,Std,2012-01-12,2014-02-27,778,741.0,0
MAC004909,Std,2012-01-18,2014-02-27,772,737.0,0
MAC005060,Std,2012-05-29,2014-02-27,639,615.0,0
MAC005094,Std,2012-05-30,2013-02-26,271,260.0,1
MAC005140,Std,2012-05-31,2014-02-27,637,605.0,0
MAC005169,Std,2012-06-01,2014-02-27,635,609.0,0
MAC005170,Std,2012-06-01,2014-02-27,635,612.0,0
MAC005175,Std,2012-06-01,2013-07-11,405,387.0,1
MAC005257,Std,2012-02-08,2014-02-27,751,723.0,0
MAC005383,Std,2012-02-24,2014-02-27,735,705.0,0
MAC005446,Std,2012-04-16,2014-02-27,683,656.0,0
MAC005562,Std,2012-05-07,2014-02-27,660,635.0,0
MAC005567,Std,2012-12-19,2014-02-27,436,417.0,0
MAC000088,ToU,2011-12-12,2014-02-27,809,771.0,0
MAC000106,ToU,2011-12-13,2014-02-27,808,779.0,0
MAC000198,ToU,2011-11-28,2014-02-27,823,788.0,0
MAC000791,ToU,2012-04-20,2014-02-19,669,646.0,0
MAC000877,ToU,2012-04-27,2014-02-27,672,645.0,0
MAC000884,ToU,2012-04-27,2014-02-27,671,647.0,0
MAC001254,ToU,2012-05-14,2014-02-27,655,629.0,0
MAC001270,ToU,2012-05-14,2014-02-27,652,624.0,0
MAC001437,ToU,2012-05-18,2014-02-21,643,618.0,0
MAC001509,ToU,2012-05-22,2014-02-27,646,623.0,0
MAC001910,ToU,2012-06-09,2013-01-13,218,209.0,1
MAC002845,ToU,2012-05-11,2014-02-27,656,631.0,0
MAC003043,ToU,2012-05-15,2014-02-27,652,626.0,0
MAC003820,ToU,2012-10-23,2014-02-27,491,466.0,0
MAC004155,ToU,2012-05-21,2014-02-27,647,616.0,0
MAC004449,ToU,2012-03-20,2014-02-27,710,686.0,0
MAC004451,ToU,2012-03-21,2014-02-27,706,679.0,0
MAC004622,ToU,2012-07-11,2014-02-27,597,574.0,0
MAC004818,ToU,2012-04-05,2014-02-27,694,669.0,0
MAC005445,ToU,2012-04-16,2014-02-27,683,659.0,0
MAC005507,ToU,2012-04-17,2014-02-27,681,657.0,0
MAC005514,ToU,2012-04-17,2014-02-27,681,657.0,0
MAC000040,Std,2011-12-08,2014-02-27,813,784.0,0
MAC000153,Std,2011-11-23,2014-02-27,828,793.0,0
MAC000180,Std,2011-11-26,2014-02-27,825,794.0,0
MAC000274,Std,2011-12-06,2014-02-27,815,777.0,0
MAC000310,Std,2012-03-05,2014-02-27,724,694.0,0
MAC000462,Std,2012-03-24,2014-02-27,706,682.0,0
MAC000570,Std,2012-04-11,2014-02-27,685,657.0,0
MAC000748,Std,2012-04-20,2014-02-27,677,650.0,0
MAC000846,Std,2012-04-26,2014-02-27,672,646.0,0
MAC000975,Std,2012-05-02,2014-02-27,665,637.0,0
MAC001019,Std,2012-05-02,2014-02-27,663,638.0,0
MAC001022,Std,2012-05-02,2014-02-27,666,639.0,0
MAC001094,Std,2012-05-08,2014-02-27,659,636.0,0
MAC001183,Std,2012-05-09,2014-02-27,657,631.0,0
MAC001221,Std,2012-05-14,2014-02-27,653,630.0,0
MAC001367,Std,2012-05-17,2014-02-27,652,630.0,0
MAC001456,Std,2012-05-21,2013-07-22,426,411.0,1
MAC001485,Std,2012-05-22,2014-02-27,647,624.0,0
MAC001486,Std,2012-05-22,2014-02-27,647,618.0,0
MAC001514,Std,2012-05-22,2014-02-27,647,622.0,0
MAC001646,Std,2012-05-28,2014-02-27,640,617.0,0
MAC001697,Std,2012-05-29,2014-02-27,640,614.0,0
MAC001735,Std,2012-06-01,2014-02-27,637,611.0,0
MAC001779,Std,2012-06-06,2014-02-27,631,605.0,0
MAC001869,Std,2012-06-08,2014-02-27,630,607.0,0
MAC001871,Std,2012-06-08,2014-02-27,628,605.0,0
MAC002012,Std,2012-06-14,2014-02-27,624,601.0,0
MAC002266,Std,2012-04-23,2014-02-27,676,649.0,0
MAC002451,Std,2012-04-30,2013-11-05,554,533.0,1
MAC002535,Std,2012-07-09,2014-02-27,598,574.0,0
MAC002655,Std,2012-05-04,2014-02-27,664,638.0,0
MAC002656,Std,2012-05-04,2014-02-27,663,637.0,0
MAC002934,Std,2012-07-02,2014-02-27,604,583.0,0
MAC003027,Std,2012-05-15,2014-02-27,654,628.0,0
MAC003107,Std,2012-05-17,2014-02-27,650,627.0,0
MAC003291,Std,2012-09-24,2014-02-27,521,502.0,0
MAC003412,Std,2012-10-01,2014-02-27,515,493.0,0
MAC003417,Std,2012-10-01,2014-02-27,515,497.0,0
MAC003512,Std,2012-10-05,2014-02-27,511,493.0,0
MAC003517,Std,2012-10-05,2014-02-27,509,484.0,0
MAC003641,Std,2012-10-12,2014-02-27,504,486.0,0
MAC003673,Std,2012-10-15,2014-02-27,501,482.0,0
MAC003714,Std,2012-10-17,2014-02-27,498,478.0,0
MAC003825,Std,2012-10-23,2014-02-27,493,476.0,0
MAC003826,Std,2012-10-23,2014-02-27,493,475.0,0
MAC003874,Std,2012-10-25,2014-02-27,490,472.0,0
MAC003921,Std,2012-10-26,2014-02-27,490,471.0,0
MAC004029,Std,2012-07-06,2014-02-27,602,580.0,0
MAC004030,Std,2012-07-06,2014-02-27,602,580.0,0
MAC004074,Std,2012-05-18,2014-02-27,650,627.0,0
MAC004113,Std,2012-05-19,2014-02-27,650,622.0,0
MAC004150,Std,2012-05-21,2014-02-27,645,620.0,0
MAC004156,Std,2012-05-21,2014-02-27,646,605.0,0
MAC004192,Std,2012-05-21,2014-02-27,647,620.0,0
MAC004431,Std,2012-03-20,2014-02-27,709,675.0,0
MAC004519,Std,2011-12-20,2014-02-27,801,775.0,0
MAC004567,Std,2011-12-23,2014-02-27,798,766.0,0
MAC004595,Std,2012-07-11,2014-02-27,596,572.0,0
MAC004596,Std,2012-07-11,2014-01-30,569,547.0,0
MAC004772,Std,2012-04-03,2014-02-27,693,663.0,0
MAC004801,Std,2012-04-04,2014-02-27,694,668.0,0
MAC004857,Std,2011-12-29,2014-02-27,792,763.0,0
MAC005211,Std,2012-02-03,2014-02-27,756,726.0,0
MAC005245,Std,2012-02-07,2014-02-27,752,722.0,0
MAC005246,Std,2012-02-07,2014-02-27,752,721.0,0
MAC005327,Std,2012-02-20,2014-02-27,739,708.0,0
MAC000521,ToU,2012-03-27,2014-02-27,702,667.0,0
MAC000617,ToU,2012-04-12,2014-02-27,685,658.0,0
MAC000683,ToU,2012-04-18,2014-02-27,679,651.0,0
MAC000759,ToU,2012-04-20,2014-02-27,676,650.0,0
MAC001645,ToU,2012-05-28,2014-02-27,640,618.0,0
MAC002167,ToU,2012-06-20,2014-02-27,618,596.0,0
MAC002318,ToU,2012-04-24,2014-02-27,673,648.0,0
MAC002324,ToU,2012-04-24,2014-02-27,675,649.0,0
MAC002604,ToU,2012-07-10,2014-02-27,598,576.0,0
MAC003951,ToU,2012-07-05,2014-02-27,602,580.0,0
MAC004641,ToU,2012-07-12,2014-02-27,596,573.0,0
MAC004713,ToU,2012-07-14,2014-02-27,591,567.0,0
MAC004883,ToU,2012-01-10,2013-05-15,492,474.0,1
MAC004988,ToU,2012-01-26,2014-02-27,764,738.0,0
MAC005368,ToU,2012-02-23,2014-02-27,736,708.0,0
MAC000010,Std,2012-09-24,2014-02-27,522,503.0,0
MAC000077,Std,2011-12-10,2014-02-27,811,781.0,0
MAC000100,Std,2011-12-12,2014-02-27,809,780.0,0
MAC000149,Std,2011-11-23,2014-02-27,828,792.0,0
MAC000214,Std,2011-11-30,2014-02-27,821,791.0,0
MAC000315,Std,2012-03-06,2014-02-27,694,666.0,0
MAC000316,Std,2012-03-06,2014-02-27,724,696.0,0
MAC000442,Std,2012-03-22,2014-02-27,708,680.0,0
MAC000519,Std,2012-03-27,2014-02-27,701,676.0,0
MAC000632,Std,2012-04-13,2014-02-27,686,662.0,0
MAC000668,Std,2012-04-18,2013-09-03,500,482.0,1
MAC000818,Std,2012-04-25,2014-01-17,633,609.0,0
MAC000820,Std,2012-04-25,2014-02-27,672,648.0,0
MAC000867,Std,2012-04-26,2014-02-27,672,648.0,0
MAC000911,Std,2012-04-27,2014-02-27,669,646.0,0
MAC000964,Std,2012-05-01,2014-02-13,652,627.0,0
MAC001049,Std,2012-05-03,2014-02-27,665,637.0,0
MAC001054,Std,2012-05-03,2014-02-27,664,638.0,0
MAC001125,Std,2012-05-08,2014-02-27,660,627.0,0
MAC001126,Std,2012-05-09,2014-02-27,657,632.0,0
MAC001168,Std,2012-05-09,2014-02-27,658,633.0,0
MAC001200,Std,2012-05-11,2014-02-27,658,629.0,0
MAC001521,Std,2012-05-22,2014-02-27,643,621.0,0
MAC001551,Std,2012-05-22,2014-02-27,645,622.0,0
MAC001593,Std,2012-05-25,2014-02-27,641,616.0,0
MAC001640,Std,2012-05-28,2014-02-27,641,615.0,0
MAC001795,Std,2012-06-06,2014-02-27,630,604.0,0
MAC001796,Std,2012-06-06,2014-02-27,630,604.0,0
MAC001977,Std,2012-06-12,2014-02-27,624,599.0,0
MAC002026,Std,2012-06-14,2014-02-27,624,598.0,0
MAC002031,Std,2012-06-13,2013-08-26,439,421.0,1
MAC002115,Std,2012-06-18,2014-02-27,620,597.0,0
MAC002135,Std,2012-06-18,2014-02-27,620,598.0,0
MAC002136,Std,2012-06-18,2014-02-27,620,591.0,0
MAC002180,Std,2012-06-22,2014-02-27,616,591.0,0
MAC002185,Std,2012-06-23,2014-02-27,615,595.0,0
MAC002244,Std,2012-04-23,2014-02-27,676,650.0,0
MAC002294,Std,2012-04-24,2014-02-27,597,573.0,0
MAC002349,Std,2012-04-25,2014-02-27,674,645.0,0
MAC002352,Std,2012-04-25,2013-07-31,463,445.0,1
MAC002382,Std,2012-04-28,2013-01-29,275,263.0,1
MAC002427,Std,2012-04-30,2014-02-27,666,642.0,0
MAC002525,Std,2012-07-09,2014-02-27,599,576.0,0
MAC002526,Std,2012-07-09,2014-02-27,598,575.0,0
MAC002570,Std,2012-07-10,2014-02-27,597,573.0,0
MAC002754,Std,2012-05-10,2014-02-27,657,631.0,0
MAC002912,Std,2012-07-02,2014-02-27,603,581.0,0
MAC002996,Std,2012-07-04,2014-02-27,604,581.0,0
MAC003335,Std,2012-09-25,2014-02-27,520,502.0,0
MAC003336,Std,2012-09-25,2013-08-15,324,313.0,1
MAC003478,Std,2012-10-03,2014-02-27,512,491.0,0
MAC003602,Std,2012-10-11,2014-02-27,505,485.0,0
MAC003731,Std,2012-10-18,2014-02-27,498,478.0,0
MAC003781,Std,2012-10-19,2014-02-27,497,476.0,0
MAC003974,Std,2012-07-06,2014-02-27,602,578.0,0
MAC004097,Std,2012-05-18,2014-02-27,649,623.0,0
MAC004139,Std,2012-05-21,2014-02-27,647,622.0,0
MAC004169,Std,2012-05-21,2014-02-27,648,624.0,0
MAC004203,Std,2012-05-23,2014-02-27,645,621.0,0
MAC004244,Std,2012-05-23,2014-02-27,644,620.0,0
MAC004340,Std,2012-03-15,2014-02-27,715,688.0,0
MAC004473,Std,2011-12-17,2014-02-27,804,775.0,0
MAC004573,Std,2011-12-23,2014-02-27,798,767.0,0
MAC004614,Std,2012-07-11,2014-02-27,596,570.0,0
MAC004781,Std,2012-04-04,2014-02-19,685,656.0,0
MAC004896,Std,2012-01-16,2014-02-27,671,629.0,0
MAC004924,Std,2012-01-20,2014-02-27,768,739.0,0
MAC004978,Std,2012-01-25,2014-02-27,765,736.0,0
MAC005014,Std,2012-01-30,2014-02-27,760,732.0,0
MAC005461,Std,2012-04-16,2014-02-27,683,657.0,0
MAC000845,ToU,2012-04-26,2014-02-27,673,648.0,0
MAC000976,ToU,2012-05-02,2014-02-27,666,638.0,0
MAC001660,ToU,2012-05-28,2014-02-27,640,614.0,0
MAC001840,ToU,2012-06-07,2014-02-27,629,607.0,0
MAC002238,ToU,2012-04-21,2014-02-27,677,653.0,0
MAC002357,ToU,2012-04-27,2014-02-27,671,642.0,0
MAC002797,ToU,2012-05-10,2014-02-27,657,630.0,0
MAC002971,ToU,2012-07-05,2014-02-27,603,580.0,0
MAC003157,ToU,2012-07-14,2014-02-27,594,568.0,0
MAC004035,ToU,2012-07-06,2014-02-27,602,578.0,0
MAC004239,ToU,2012-05-23,2014-02-27,645,616.0,0
MAC004374,ToU,2012-03-16,2014-02-27,714,688.0,0
MAC004467,ToU,2011-12-17,2014-02-27,804,776.0,0
MAC004969,ToU,2012-01-24,2014-02-27,766,737.0,0
MAC005111,ToU,2012-05-30,2013-08-07,433,414.0,1
MAC005122,ToU,2012-05-31,2014-02-27,636,611.0,0
MAC005240,ToU,2012-02-06,2014-02-27,753,726.0,0
MAC005401,ToU,2012-02-27,2014-02-27,732,703.0,0
MAC005429,ToU,2012-04-14,2014-02-27,683,656.0,0
MAC000045,Std,2011-12-08,2014-02-27,813,783.0,0
MAC000105,Std,2011-12-13,2014-02-11,792,763.0,0
MAC000134,Std,2011-12-15,2013-01-14,397,381.0,1
MAC000159,Std,2011-11-24,2014-02-27,827,793.0,0
MAC000185,Std,2011-11-26,2014-02-27,824,790.0,0
MAC000324,Std,2012-03-06,2014-02-27,724,698.0,0
MAC000351,Std,2012-03-09,2014-02-27,721,691.0,0
MAC000389,Std,2012-03-13,2014-02-27,716,692.0,0
MAC000429,Std,2012-03-21,2014-02-27,703,678.0,0
MAC000473,Std,2012-03-23,2014-02-27,707,681.0,0
MAC001037,Std,2012-05-03,2014-02-27,665,635.0,0
MAC001113,Std,2012-05-08,2014-02-27,661,635.0,0
MAC001119,Std,2012-05-08,2014-02-27,659,632.0,0
MAC001189,Std,2012-05-11,2014-02-27,656,629.0,0
MAC001275,Std,2012-05-14,2014-02-27,655,629.0,0
MAC001334,Std,2012-05-17,2014-02-27,652,629.0,0
MAC001371,Std,2012-05-17,2014-02-27,652,629.0,0
MAC001409,Std,2012-05-18,2014-02-27,647,620.0,0
MAC001411,Std,2012-05-18,2014-02-27,651,626.0,0
MAC001618,Std,2012-05-26,2014-02-27,642,616.0,0
MAC001692,Std,2012-05-29,2014-02-27,638,615.0,0
MAC001759,Std,2012-06-02,2014-02-27,636,610.0,0
MAC001762,Std,2012-06-02,2013-11-22,537,518.0,1
MAC001790,Std,2012-06-06,2014-02-27,629,605.0,0
MAC001818,Std,2012-06-07,2014-02-27,630,602.0,0
MAC001884,Std,2012-06-08,2014-02-27,629,607.0,0
MAC001921,Std,2012-06-09,2013-03-24,285,272.0,1
MAC001997,Std,2012-06-12,2014-02-27,624,600.0,0
MAC002088,Std,2012-06-15,2014-02-27,622,598.0,0
MAC002128,Std,2012-06-18,2014-02-27,620,595.0,0
MAC002130,Std,2012-06-18,2014-02-27,620,595.0,0
MAC002260,Std,2012-04-23,2013-10-13,510,479.0,1
MAC002387,Std,2012-04-30,2014-02-27,668,638.0,0
MAC002422,Std,2012-04-30,2014-02-27,668,645.0,0
MAC002530,Std,2012-07-09,2014-02-27,599,577.0,0
MAC002697,Std,2012-05-05,2014-02-27,662,638.0,0
MAC002852,Std,2012-05-11,2014-02-16,646,619.0,0
MAC002882,Std,2012-06-30,2014-02-27,606,582.0,0
MAC002917,Std,2012-07-02,2014-02-27,604,580.0,0
MAC003022,Std,2012-05-15,2012-12-25,224,211.0,1
MAC003087,Std,2012-05-16,2014-02-27,652,628.0,0
MAC003149,Std,2012-07-14,2014-02-27,593,570.0,0
MAC003152,Std,2012-07-14,2014-02-27,594,569.0,0
MAC003181,Std,2012-09-13,2014-02-27,533,511.0,0
MAC003307,Std,2012-09-24,2014-02-27,522,501.0,0
MAC003453,Std,2012-10-02,2014-02-27,514,494.0,0
MAC003691,Std,2012-10-16,2014-02-27,500,476.0,0
MAC003765,Std,2012-10-19,2014-02-27,497,478.0,0
MAC003801,Std,2012-10-22,2014-02-27,493,473.0,0
MAC003853,Std,2012-10-24,2014-02-27,492,470.0,0
MAC003941,Std,2012-07-05,2014-02-27,603,579.0,0
MAC004023,Std,2012-07-06,2014-02-27,602,581.0,0
MAC004224,Std,2012-05-23,2014-02-27,646,621.0,0
MAC004479,Std,2011-12-19,2014-02-27,735,709.0,0
MAC004503,Std,2011-12-19,2014-02-27,802,766.0,0
MAC004600,Std,2012-07-11,2014-02-27,596,568.0,0
MAC004864,Std,2011-12-30,2014-02-27,791,759.0,0
MAC005020,Std,2012-01-30,2014-02-27,760,724.0,0
MAC005025,Std,2012-01-31,2014-02-27,759,733.0,0
MAC005026,Std,2012-01-31,2014-02-27,759,730.0,0
MAC005163,Std,2012-05-31,2014-02-27,636,609.0,0
MAC005230,Std,2012-02-06,2014-02-27,697,665.0,0
MAC005322,Std,2012-02-17,2013-07-31,531,507.0,1
MAC005525,Std,2012-04-17,2014-02-27,680,656.0,0
MAC005526,Std,2012-04-17,2014-02-27,681,655.0,0
MAC000015,ToU,2011-12-06,2014-02-27,815,772.0,0
MAC000031,ToU,2011-12-07,2014-02-27,814,779.0,0
MAC000265,ToU,2011-12-05,2014-02-27,815,782.0,0
MAC000266,ToU,2011-12-05,2014-02-27,816,779.0,0
MAC000467,ToU,2012-03-23,2013-11-03,590,568.0,1
MAC001351,ToU,2012-05-17,2014-02-27,652,629.0,0
MAC001952,ToU,2012-06-11,2014-02-27,615,591.0,0
MAC002568,ToU,2012-07-09,2014-02-27,599,576.0,0
MAC002792,ToU,2012-05-10,2014-02-27,657,608.0,0
MAC003102,ToU,2012-05-17,2013-07-24,433,419.0,1
MAC003434,ToU,2012-10-02,2014-02-27,511,492.0,0
MAC003524,ToU,2012-10-08,2014-02-27,508,488.0,0
MAC003679,ToU,2012-10-15,2014-02-27,500,481.0,0
MAC003708,ToU,2012-10-17,2014-02-27,499,480.0,0
MAC003914,ToU,2012-10-26,2014-02-27,489,471.0,0
MAC004258,ToU,2012-05-24,2014-02-27,643,618.0,0
MAC004509,ToU,2011-12-20,2014-02-27,801,773.0,0
MAC005127,ToU,2012-05-31,2014-02-27,635,612.0,0
MAC000016,Std,2011-12-06,2013-01-15,407,392.0,1
MAC000068,Std,2011-12-09,2014-02-27,812,778.0,0
MAC000479,Std,2012-03-23,2014-02-27,707,680.0,0
MAC000513,Std,2012-03-27,2014-02-27,703,673.0,0
MAC000624,Std,2012-04-13,2014-02-27,686,658.0,0
MAC000655,Std,2012-04-13,2014-02-27,686,656.0,0
MAC000656,Std,2012-04-13,2014-02-27,685,654.0,0
MAC000699,Std,2012-04-18,2014-02-27,681,655.0,0
MAC000763,Std,2012-04-20,2014-02-27,677,652.0,0
MAC000840,Std,2012-04-26,2014-02-27,672,647.0,0
MAC001027,Std,2012-05-02,2014-02-27,665,640.0,0
MAC001178,Std,2012-05-09,2014-02-27,658,631.0,0
MAC001261,Std,2012-05-14,2014-02-27,655,631.0,0
MAC001403,Std,2012-05-17,2013-02-20,280,267.0,1
MAC001455,Std,2012-05-21,2014-02-27,648,626.0,0
MAC001568,Std,2012-05-23,2014-02-27,646,621.0,0
MAC001605,Std,2012-05-25,2014-02-27,643,620.0,0
MAC001606,Std,2012-05-25,2014-02-27,642,614.0,0
MAC001637,Std,2012-05-28,2014-02-27,640,614.0,0
MAC001672,Std,2012-05-28,2014-02-27,641,618.0,0
MAC001727,Std,2012-06-01,2014-02-27,634,607.0,0
MAC001730,Std,2012-06-01,2014-02-27,636,610.0,0
MAC001846,Std,2012-06-07,2013-08-16,435,419.0,1
MAC001895,Std,2012-06-08,2014-02-27,629,603.0,0
MAC001896,Std,2012-06-08,2014-02-27,629,604.0,0
MAC002186,Std,2012-06-23,2014-02-27,615,590.0,0
MAC002649,Std,2012-05-04,2014-02-27,663,636.0,0
MAC002670,Std,2012-05-04,2013-12-04,578,555.0,0
MAC002840,Std,2012-05-11,2014-02-27,654,628.0,0
MAC002872,Std,2012-05-11,2014-02-27,656,628.0,0
MAC002957,Std,2012-07-05,2014-02-27,603,581.0,0
MAC003003,Std,2012-07-04,2014-02-27,603,582.0,0
MAC003328,Std,2012-09-25,2014-02-27,521,495.0,0
MAC003381,Std,2012-09-27,2014-02-27,519,497.0,0
MAC003428,Std,2012-10-01,2014-02-27,515,491.0,0
MAC003859,Std,2012-10-25,2014-02-27,490,469.0,0
MAC003860,Std,2012-10-25,2014-02-27,491,474.0,0
MAC004128,Std,2012-05-19,2014-02-27,649,622.0,0
MAC004197,Std,2012-05-23,2014-02-27,643,615.0,0
MAC004233,Std,2012-05-23,2014-02-27,646,624.0,0
MAC004284,Std,2012-05-24,2013-09-29,494,475.0,1
MAC004382,Std,2012-03-16,2014-02-27,714,685.0,0
MAC004411,Std,2012-03-19,2014-02-27,710,686.0,0
MAC004761,Std,2012-04-03,2014-02-27,696,662.0,0
MAC004878,Std,2012-01-06,2014-02-27,784,756.0,0
MAC004903,Std,2012-01-16,2014-02-27,774,747.0,0
MAC005073,Std,2012-05-30,2014-02-27,637,614.0,0
MAC005145,Std,2012-05-31,2013-11-28,546,516.0,1
MAC005151,Std,2012-05-31,2014-02-27,638,615.0,0
MAC005193,Std,2012-02-02,2014-02-27,757,725.0,0
MAC005220,Std,2012-02-04,2014-02-27,755,728.0,0
MAC005225,Std,2012-02-06,2014-02-27,753,727.0,0
MAC005226,Std,2012-02-06,2014-02-27,753,726.0,0
MAC005252,Std,2012-02-07,2014-02-27,751,722.0,0
MAC005280,Std,2012-02-10,2014-02-27,749,723.0,0
MAC005304,Std,2012-02-15,2014-02-27,744,713.0,0
MAC005423,Std,2012-02-29,2014-02-27,725,698.0,0
MAC005502,Std,2012-04-17,2014-02-27,682,655.0,0
MAC000456,ToU,2012-03-23,2013-11-03,591,562.0,1
MAC000924,ToU,2012-04-27,2014-02-27,670,647.0,0
MAC000931,ToU,2012-05-01,2014-02-27,667,639.0,0
MAC001707,ToU,2012-06-01,2014-02-27,635,611.0,0
MAC002017,ToU,2012-06-14,2014-02-27,622,599.0,0
MAC002108,ToU,2012-06-17,2014-02-27,621,591.0,0
MAC002265,ToU,2012-04-23,2014-02-27,676,652.0,0
MAC002520,ToU,2012-07-09,2014-02-27,599,575.0,0
MAC002536,ToU,2012-07-09,2014-02-27,597,571.0,0
MAC002675,ToU,2012-05-04,2014-02-27,663,634.0,0
MAC002741,ToU,2012-05-08,2014-02-27,661,633.0,0
MAC002995,ToU,2012-07-04,2014-02-27,604,580.0,0
MAC003094,ToU,2012-05-16,2014-02-27,652,624.0,0
MAC003221,ToU,2012-09-17,2014-02-27,511,491.0,0
MAC003588,ToU,2012-10-10,2014-02-27,506,485.0,0
MAC003760,ToU,2012-10-19,2014-02-27,497,477.0,0
MAC003766,ToU,2012-10-19,2014-02-27,496,475.0,0
MAC003984,ToU,2012-07-06,2014-02-27,602,580.0,0
MAC004354,ToU,2012-03-15,2014-02-27,715,689.0,0
MAC004361,ToU,2012-03-15,2014-02-27,715,690.0,0
MAC004590,ToU,2012-07-11,2014-02-27,597,575.0,0
MAC005498,ToU,2012-04-17,2014-02-27,679,651.0,0
MAC000178,Std,2011-11-26,2014-02-27,825,794.0,0
MAC000206,Std,2011-11-29,2014-02-27,822,789.0,0
MAC000365,Std,2012-03-12,2014-02-27,718,686.0,0
MAC000434,Std,2012-03-22,2014-02-27,708,681.0,0
MAC000575,Std,2012-04-11,2014-02-27,688,661.0,0
MAC000650,Std,2012-04-13,2014-02-27,683,658.0,0
MAC000693,Std,2012-04-18,2014-02-27,678,650.0,0
MAC000732,Std,2012-04-19,2014-02-27,680,656.0,0
MAC000804,Std,2012-04-25,2014-02-27,671,644.0,0
MAC000852,Std,2012-04-26,2014-02-27,672,649.0,0
MAC000970,Std,2012-05-02,2014-02-27,666,639.0,0
MAC001001,Std,2012-05-02,2014-02-27,667,639.0,0
MAC001247,Std,2012-05-14,2014-02-27,654,629.0,0
MAC001362,Std,2012-05-17,2014-02-27,651,627.0,0
MAC001432,Std,2012-05-18,2014-02-27,649,626.0,0
MAC001464,Std,2012-05-21,2014-02-27,648,620.0,0
MAC001571,Std,2012-05-23,2014-02-27,645,622.0,0
MAC001599,Std,2012-05-25,2013-03-30,309,298.0,1
MAC001600,Std,2012-05-25,2014-02-27,639,612.0,0
MAC001632,Std,2012-05-28,2014-01-17,597,575.0,0
MAC001665,Std,2012-05-28,2014-02-27,637,615.0,0
MAC001666,Std,2012-05-28,2014-02-27,640,614.0,0
MAC001702,Std,2012-05-29,2014-02-27,638,611.0,0
MAC001782,Std,2012-06-06,2014-02-27,632,603.0,0
MAC001915,Std,2012-06-09,2014-02-27,628,602.0,0
MAC001916,Std,2012-06-09,2014-02-27,627,602.0,0
MAC001992,Std,2012-06-12,2014-02-27,624,599.0,0
MAC002116,Std,2012-06-18,2014-02-27,620,594.0,0
MAC002198,Std,2012-06-25,2014-02-27,613,587.0,0
MAC002250,Std,2012-04-23,2014-02-27,676,647.0,0
MAC002343,Std,2012-04-25,2014-02-27,674,645.0,0
MAC002370,Std,2012-04-28,2014-02-27,671,645.0,0
MAC002411,Std,2012-04-30,2014-02-27,669,646.0,0
MAC002466,Std,2012-05-01,2014-02-27,665,641.0,0
MAC002592,Std,2012-07-10,2014-02-27,598,576.0,0
MAC002597,Std,2012-07-10,2014-02-27,501,483.0,0
MAC002643,Std,2012-05-03,2014-02-27,663,632.0,0
MAC002676,Std,2012-05-04,2014-02-27,663,637.0,0
MAC002708,Std,2012-05-05,2014-02-27,663,637.0,0
MAC002944,Std,2012-07-05,2014-02-27,603,580.0,0
MAC002986,Std,2012-07-03,2014-02-27,603,579.0,0
MAC002990,Std,2012-07-04,2014-02-27,604,579.0,0
MAC003017,Std,2012-05-15,2014-02-27,653,626.0,0
MAC003118,Std,2012-05-16,2014-02-27,651,625.0,0
MAC003143,Std,2012-07-14,2014-02-27,594,572.0,0
MAC003177,Std,2012-09-13,2014-02-27,532,506.0,0
MAC003258,Std,2012-09-19,2014-02-27,527,507.0,0
MAC003302,Std,2012-09-24,2014-02-27,522,504.0,0
MAC003350,Std,2012-09-26,2014-02-27,520,500.0,0
MAC003459,Std,2012-10-02,2014-02-27,514,495.0,0
MAC003508,Std,2012-10-05,2014-02-27,511,486.0,0
MAC003607,Std,2012-10-11,2014-02-27,504,484.0,0
MAC003653,Std,2012-10-12,2014-02-27,504,482.0,0
MAC003680,Std,2012-10-16,2014-02-27,499,477.0,0
MAC003685,Std,2012-10-16,2014-02-27,500,478.0,0
MAC003686,Std,2012-10-16,2014-02-27,500,480.0,0
MAC003866,Std,2012-10-25,2014-02-27,491,472.0,0
MAC004036,Std,2012-07-06,2014-02-27,601,576.0,0
MAC004064,Std,2012-07-07,2014-02-27,598,575.0,0
MAC004092,Std,2012-05-18,2013-11-22,552,533.0,1
MAC004311,Std,2012-05-25,2013-03-15,295,283.0,1
MAC004345,Std,2012-03-15,2014-02-27,715,679.0,0
MAC004405,Std,2012-03-19,2014-02-27,711,685.0,0
MAC004406,Std,2012-03-19,2014-02-27,711,683.0,0
MAC004443,Std,2012-03-20,2014-02-27,709,682.0,0
MAC004694,Std,2012-07-13,2014-02-27,595,574.0,0
MAC004748,Std,2012-04-02,2014-02-27,696,669.0,0
MAC004794,Std,2012-04-04,2014-02-27,694,667.0,0
MAC004895,Std,2012-01-14,2014-02-27,776,747.0,0
MAC004957,Std,2012-01-23,2014-02-27,767,739.0,0
MAC005079,Std,2012-05-30,2014-02-27,638,615.0,0
MAC005176,Std,2012-06-01,2014-02-27,634,610.0,0
MAC005285,Std,2012-02-11,2014-02-27,747,713.0,0
MAC005286,Std,2012-02-11,2013-01-22,347,331.0,1
MAC005331,Std,2012-02-20,2014-02-27,654,632.0,0
MAC005392,Std,2012-02-27,2014-02-27,732,705.0,0
MAC005397,Std,2012-02-27,2014-02-27,732,705.0,0
MAC005451,Std,2012-04-16,2014-02-27,682,659.0,0
MAC005484,Std,2012-04-16,2014-02-27,681,650.0,0
MAC000288,ToU,2012-03-01,2014-02-27,729,699.0,0
MAC000383,ToU,2012-03-13,2014-02-27,717,690.0,0
MAC000898,ToU,2012-04-27,2013-04-15,354,338.0,1
MAC001075,ToU,2012-05-08,2014-02-27,651,606.0,0
MAC001206,ToU,2012-05-12,2014-02-27,656,633.0,0
MAC001480,ToU,2012-05-22,2014-02-27,646,624.0,0
MAC001858,ToU,2012-06-07,2014-02-27,630,606.0,0
MAC002061,ToU,2012-06-16,2014-02-27,622,599.0,0
MAC002154,ToU,2012-06-19,2014-02-27,619,596.0,0
MAC003049,ToU,2012-05-15,2014-02-27,654,625.0,0
MAC003274,ToU,2012-09-20,2014-02-27,526,507.0,0
MAC003626,ToU,2012-10-11,2014-02-27,505,487.0,0
MAC003637,ToU,2012-10-12,2014-02-27,504,481.0,0
MAC004144,ToU,2012-05-21,2014-02-27,647,621.0,0
MAC004334,ToU,2012-03-14,2014-02-27,716,689.0,0
MAC004346,ToU,2012-03-15,2014-02-27,715,687.0,0
MAC004605,ToU,2012-07-11,2014-02-27,597,567.0,0
MAC004606,ToU,2012-07-11,2014-02-27,597,576.0,0
MAC005271,ToU,2012-02-10,2014-02-27,749,721.0,0
MAC000053,Std,2011-12-09,2014-02-27,812,775.0,0
MAC000072,Std,2011-12-10,2014-02-27,811,778.0,0
MAC000200,Std,2011-11-29,2014-02-27,822,785.0,0
MAC000378,Std,2012-03-12,2014-02-27,718,690.0,0
MAC000493,Std,2012-03-24,2014-02-27,705,678.0,0
MAC000576,Std,2012-04-11,2014-02-27,688,660.0,0
MAC000612,Std,2012-04-12,2014-02-27,685,660.0,0
MAC000689,Std,2012-04-18,2014-02-27,678,655.0,0
MAC000737,Std,2012-04-19,2014-02-27,680,655.0,0
MAC000872,Std,2012-04-26,2014-02-27,673,648.0,0
MAC001032,Std,2012-05-02,2014-02-27,664,640.0,0
MAC001069,Std,2012-05-08,2014-02-27,661,635.0,0
MAC001070,Std,2012-05-08,2014-02-27,659,631.0,0
MAC001288,Std,2012-05-14,2013-11-22,557,536.0,1
MAC001422,Std,2012-05-18,2014-02-27,649,620.0,0
MAC001625,Std,2012-05-26,2014-02-27,643,618.0,0
MAC001943,Std,2012-06-11,2014-02-27,624,600.0,0
MAC002058,Std,2012-06-14,2014-02-27,624,597.0,0
MAC002271,Std,2012-04-23,2014-02-27,676,646.0,0
MAC002362,Std,2012-04-27,2014-02-27,670,644.0,0
MAC002549,Std,2012-07-09,2014-02-27,598,574.0,0
MAC002587,Std,2012-07-10,2014-02-27,598,576.0,0
MAC002664,Std,2012-05-04,2014-02-27,663,633.0,0
MAC002689,Std,2012-05-04,2014-02-27,662,638.0,0
MAC002739,Std,2012-05-08,2014-02-27,660,632.0,0
MAC003078,Std,2012-05-15,2014-02-27,654,624.0,0
MAC003130,Std,2012-05-17,2014-02-27,651,626.0,0
MAC003214,Std,2012-09-17,2014-02-27,529,501.0,0
MAC003319,Std,2012-09-24,2014-02-27,522,501.0,0
MAC003355,Std,2012-09-26,2014-02-27,520,502.0,0
MAC003443,Std,2012-10-02,2014-02-27,513,494.0,0
MAC003488,Std,2012-10-04,2014-02-27,512,491.0,0
MAC003530,Std,2012-10-08,2014-02-27,508,487.0,0
MAC003574,Std,2012-10-09,2014-02-27,507,480.0,0
MAC003625,Std,2012-10-11,2014-02-27,504,486.0,0
MAC003659,Std,2012-10-12,2014-02-27,504,482.0,0
MAC003791,Std,2012-10-22,2014-02-27,494,477.0,0
MAC003845,Std,2012-10-24,2014-02-27,490,471.0,0
MAC003846,Std,2012-10-24,2014-02-27,492,474.0,0
MAC004007,Std,2012-07-06,2014-02-27,602,580.0,0
MAC004174,Std,2012-05-21,2014-02-27,647,626.0,0
MAC004209,Std,2012-05-23,2014-02-27,611,589.0,0
MAC004513,Std,2011-12-20,2014-02-27,800,769.0,0
MAC004675,Std,2012-07-12,2014-02-27,596,573.0,0
MAC004676,Std,2012-07-12,2014-02-27,595,572.0,0
MAC005086,Std,2012-05-30,2014-02-27,637,611.0,0
MAC005131,Std,2012-05-31,2014-02-27,635,611.0,0
MAC005199,Std,2012-02-03,2014-02-27,756,730.0,0
MAC005298,Std,2012-02-14,2014-02-27,745,716.0,0
MAC005370,Std,2012-02-23,2012-12-09,291,274.0,1
MAC005520,Std,2012-04-17,2014-02-27,680,654.0,0
MAC000447,ToU,2012-03-22,2014-02-27,707,682.0,0
MAC001736,ToU,2012-06-01,2013-12-09,555,533.0,0
MAC002618,ToU,2012-05-03,2014-02-27,664,636.0,0
MAC002622,ToU,2012-05-03,2014-02-27,662,635.0,0
MAC002692,ToU,2012-05-04,2014-02-27,663,638.0,0
MAC003068,ToU,2012-05-15,2014-02-27,654,629.0,0
MAC003082,ToU,2012-05-16,2014-02-27,651,627.0,0
MAC003135,ToU,2012-07-14,2014-02-27,594,572.0,0
MAC003409,ToU,2012-10-01,2014-02-27,515,496.0,0
MAC003536,ToU,2012-10-08,2014-02-27,507,488.0,0
MAC003865,ToU,2012-10-25,2014-02-27,491,471.0,0
MAC004054,ToU,2012-07-07,2014-02-27,601,576.0,0
MAC002887,Std,2012-07-02,2013-12-22,537,513.0,0
MAC004133,Std,2012-09-03,2014-02-27,542,521.0,0
MAC002985,ToU,2012-07-03,2014-02-27,605,574.0,0
MAC003330,Std,2012-09-25,2014-02-27,521,501.0,0
MAC004664,Std,2012-07-12,2014-02-27,596,570.0,0
MAC001957,Std,2012-06-11,2012-06-25,13,11.0,1
MAC002110,ToU,2012-06-16,2012-06-26,11,8.0,1
MAC004728,ToU,2012-04-02,2014-02-27,697,670.0,0
MAC004770,ToU,2012-04-03,2013-07-02,455,437.0,1
MAC004955,ToU,2012-01-23,2014-02-27,767,741.0,0
MAC005093,ToU,2012-05-30,2014-02-27,639,615.0,0
MAC005172,ToU,2012-06-01,2014-02-27,636,612.0,0
MAC005473,ToU,2012-04-16,2014-02-27,683,657.0,0
MAC000003,Std,2012-02-20,2014-02-27,739,711.0,0
MAC000121,Std,2011-12-14,2014-02-27,806,774.0,0
MAC000144,Std,2011-12-16,2013-09-17,639,614.0,1
MAC000202,Std,2011-11-29,2013-06-09,559,537.0,1
MAC000262,Std,2011-12-05,2014-02-27,816,781.0,0
MAC000323,Std,2012-03-06,2014-02-27,724,698.0,0
MAC000424,Std,2012-03-21,2014-02-27,709,684.0,0
MAC000457,Std,2012-03-23,2014-02-27,707,678.0,0
MAC000460,Std,2012-03-23,2013-10-30,587,567.0,1
MAC000566,Std,2012-04-11,2014-02-27,688,661.0,0
MAC000636,Std,2012-04-13,2013-07-19,463,444.0,1
MAC000773,Std,2012-04-20,2014-02-27,677,653.0,0
MAC000838,Std,2012-04-26,2014-02-27,672,645.0,0
MAC000883,Std,2012-04-27,2013-02-17,295,284.0,1
MAC000958,Std,2012-05-01,2014-02-27,667,644.0,0
MAC001044,Std,2012-05-03,2014-02-27,664,638.0,0
MAC001072,Std,2012-05-08,2014-02-27,660,635.0,0
MAC001077,Std,2012-05-08,2014-02-27,660,634.0,0
MAC001122,Std,2012-05-08,2013-08-16,465,447.0,1
MAC001154,Std,2012-05-09,2014-02-27,659,634.0,0
MAC001238,Std,2012-05-14,2014-02-27,653,627.0,0
MAC001277,Std,2012-05-14,2014-02-27,653,627.0,0
MAC001504,Std,2012-05-22,2014-02-27,645,618.0,0
MAC001622,Std,2012-05-26,2014-02-27,643,615.0,0
MAC001785,Std,2012-06-06,2014-02-27,631,608.0,0
MAC001786,Std,2012-06-06,2014-02-27,629,606.0,0
MAC001864,Std,2012-06-07,2014-02-27,630,604.0,0
MAC001908,Std,2012-06-09,2013-06-10,363,346.0,1
MAC001938,Std,2012-06-11,2014-02-27,626,600.0,0
MAC001970,Std,2012-06-11,2014-01-22,590,568.0,0
MAC001975,Std,2012-06-12,2014-02-27,625,600.0,0
MAC002008,Std,2012-06-12,2014-02-27,624,598.0,0
MAC002010,Std,2012-06-12,2014-02-27,625,598.0,0
MAC002165,Std,2012-06-20,2014-02-27,618,594.0,0
MAC002203,Std,2012-06-25,2014-02-27,613,587.0,0
MAC002252,Std,2012-04-23,2014-02-27,674,647.0,0
MAC002288,Std,2012-04-23,2014-02-27,676,652.0,0
MAC002377,Std,2012-04-28,2014-02-27,671,638.0,0
MAC002408,Std,2012-04-30,2014-02-27,666,641.0,0
MAC002522,Std,2012-07-09,2014-02-27,599,575.0,0
MAC002580,Std,2012-07-10,2014-02-27,598,573.0,0
MAC002626,Std,2012-05-03,2014-01-07,614,591.0,0
MAC002775,Std,2012-05-10,2014-02-27,659,632.0,0
MAC002776,Std,2012-05-10,2014-02-27,658,635.0,0
MAC002856,Std,2012-05-11,2014-02-27,656,633.0,0
MAC002885,Std,2012-07-02,2014-02-27,604,578.0,0
MAC002939,Std,2012-07-02,2014-02-27,604,579.0,0
MAC003010,Std,2012-05-15,2014-02-27,651,626.0,0
MAC003137,Std,2012-07-14,2014-02-27,593,571.0,0
MAC003288,Std,2012-09-21,2014-02-27,525,504.0,0
MAC003357,Std,2012-09-26,2014-02-27,519,498.0,0
MAC003361,Std,2012-09-27,2014-02-27,519,499.0,0
MAC003404,Std,2012-09-28,2014-02-27,516,496.0,0
MAC003532,Std,2012-10-08,2014-02-27,508,487.0,0
MAC003537,Std,2012-10-08,2014-02-27,508,485.0,0
MAC003630,Std,2012-10-11,2014-02-27,503,484.0,0
MAC003635,Std,2012-10-12,2014-02-27,503,476.0,0
MAC003833,Std,2012-10-23,2014-02-27,492,474.0,0
MAC003896,Std,2012-10-26,2014-02-27,490,473.0,0
MAC004016,Std,2012-07-06,2014-02-27,602,581.0,0
MAC004079,Std,2012-05-18,2014-02-27,651,626.0,0
MAC004190,Std,2012-05-21,2014-02-27,646,619.0,0
MAC004289,Std,2012-05-24,2014-02-27,643,618.0,0
MAC004359,Std,2012-03-15,2014-02-27,715,688.0,0
MAC004560,Std,2011-12-22,2013-04-04,470,454.0,1
MAC004619,Std,2012-07-11,2014-02-27,595,567.0,0
MAC004625,Std,2012-07-11,2014-02-27,597,574.0,0
MAC004626,Std,2012-07-11,2014-02-27,597,572.0,0
MAC004659,Std,2012-07-12,2013-08-11,396,382.0,1
MAC004703,Std,2012-07-13,2014-02-27,595,570.0,0
MAC004735,Std,2012-04-02,2014-02-27,695,668.0,0
MAC004736,Std,2012-04-02,2014-02-27,696,666.0,0
MAC004775,Std,2012-04-03,2014-02-27,696,669.0,0
MAC004776,Std,2012-04-03,2014-02-27,695,671.0,0
MAC004850,Std,2011-12-29,2014-02-27,792,763.0,0
MAC004869,Std,2012-01-03,2014-02-27,787,756.0,0
MAC004918,Std,2012-01-19,2014-02-27,771,739.0,0
MAC004964,Std,2012-01-23,2014-02-27,767,741.0,0
MAC005035,Std,2012-01-31,2014-02-27,759,730.0,0
MAC005036,Std,2012-01-31,2014-02-27,759,732.0,0
MAC005067,Std,2012-05-29,2014-02-27,638,613.0,0
MAC005101,Std,2012-05-30,2014-02-27,637,614.0,0
MAC005372,Std,2012-02-23,2014-02-27,736,703.0,0
MAC005390,Std,2012-02-25,2014-02-27,734,707.0,0
MAC005442,Std,2012-04-16,2014-02-27,682,658.0,0
MAC005544,Std,2012-04-18,2014-02-27,680,654.0,0
MAC000187,ToU,2011-11-28,2014-02-27,823,792.0,0
MAC001014,ToU,2012-05-02,2014-02-27,667,636.0,0
MAC001636,ToU,2012-05-28,2014-02-27,638,614.0,0
MAC001642,ToU,2012-05-28,2014-02-27,640,617.0,0
MAC001912,ToU,2012-06-09,2013-08-08,425,408.0,1
MAC002433,ToU,2012-04-30,2014-02-27,665,641.0,0
MAC002439,ToU,2012-04-30,2014-02-27,667,641.0,0
MAC002625,ToU,2012-05-03,2014-02-27,664,637.0,0
MAC003175,ToU,2012-09-12,2014-02-27,534,513.0,0
MAC003890,ToU,2012-10-26,2014-02-27,490,471.0,0
MAC003895,ToU,2012-10-26,2014-02-19,482,462.0,0
MAC004024,ToU,2012-07-06,2014-02-27,602,579.0,0
MAC004189,ToU,2012-05-21,2014-02-27,648,621.0,0
MAC004283,ToU,2012-05-24,2014-02-27,643,621.0,0
MAC004669,ToU,2012-07-12,2014-02-27,596,574.0,0
MAC005013,ToU,2012-01-30,2014-02-27,760,733.0,0
MAC005022,ToU,2012-01-30,2014-02-27,757,728.0,0
MAC005147,ToU,2012-05-31,2014-02-27,636,614.0,0
MAC005522,ToU,2012-04-17,2014-02-27,682,657.0,0
MAC000111,Std,2011-12-15,2014-02-27,805,778.0,0
MAC000133,Std,2011-12-15,2014-02-27,806,771.0,0
MAC000161,Std,2011-11-24,2013-03-12,475,457.0,1
MAC000097,Std,2011-12-12,2014-02-27,809,779.0,0
MAC000279,Std,2012-02-29,2014-02-27,730,702.0,0
MAC000329,Std,2012-03-07,2014-02-27,723,696.0,0
MAC000331,Std,2012-03-07,2014-02-27,723,696.0,0
MAC000362,Std,2012-03-12,2014-02-27,718,692.0,0
MAC000403,Std,2012-03-14,2014-02-27,716,684.0,0
MAC000446,Std,2012-03-22,2014-02-27,707,680.0,0
MAC000531,Std,2012-03-28,2014-02-27,701,675.0,0
MAC000560,Std,2012-04-11,2014-02-27,688,660.0,0
MAC000608,Std,2012-04-12,2014-02-27,686,658.0,0
MAC000610,Std,2012-04-12,2014-02-27,687,660.0,0
MAC000643,Std,2012-04-13,2014-02-27,686,657.0,0
MAC000684,Std,2012-04-18,2014-02-27,679,653.0,0
MAC000721,Std,2012-04-19,2014-02-27,678,649.0,0
MAC000783,Std,2012-04-20,2014-02-27,678,653.0,0
MAC000827,Std,2012-04-25,2014-02-27,674,651.0,0
MAC000860,Std,2012-04-26,2014-02-27,672,645.0,0
MAC001207,Std,2012-05-12,2013-07-02,417,402.0,1
MAC001240,Std,2012-05-14,2014-02-27,655,630.0,0
MAC001323,Std,2012-05-16,2014-02-27,653,625.0,0
MAC001425,Std,2012-05-18,2014-02-27,651,622.0,0
MAC001426,Std,2012-05-18,2014-02-27,648,625.0,0
MAC001448,Std,2012-05-21,2014-02-27,645,622.0,0
MAC001498,Std,2012-05-22,2014-02-27,646,620.0,0
MAC001720,Std,2012-06-01,2014-02-27,635,611.0,0
MAC001754,Std,2012-06-02,2014-02-27,636,609.0,0
MAC001805,Std,2012-06-06,2014-02-27,632,606.0,0
MAC001842,Std,2012-06-07,2014-02-27,629,594.0,0
MAC001889,Std,2012-06-08,2013-07-07,392,378.0,1
MAC001892,Std,2012-06-08,2014-02-27,629,604.0,0
MAC001950,Std,2012-06-11,2014-02-27,627,603.0,0
MAC001955,Std,2012-06-11,2014-02-27,626,598.0,0
MAC002257,Std,2012-04-23,2014-02-27,674,647.0,0
MAC002299,Std,2012-04-24,2014-02-27,673,648.0,0
MAC002301,Std,2012-04-24,2014-02-27,673,649.0,0
MAC002335,Std,2012-04-24,2014-02-27,672,644.0,0
MAC002365,Std,2012-04-27,2014-02-27,670,646.0,0
MAC002366,Std,2012-04-27,2014-02-27,671,647.0,0
MAC002462,Std,2012-04-30,2013-02-20,295,283.0,1
MAC002577,Std,2012-07-10,2014-02-27,597,574.0,0
MAC002620,Std,2012-05-03,2014-02-27,666,641.0,0
MAC002652,Std,2012-05-04,2014-02-27,663,638.0,0
MAC002684,Std,2012-05-04,2014-02-27,665,634.0,0
MAC002734,Std,2012-05-08,2014-02-27,660,629.0,0
MAC002770,Std,2012-05-10,2014-02-27,656,628.0,0
MAC002842,Std,2012-05-11,2013-01-29,263,251.0,1
MAC002847,Std,2012-05-11,2013-11-19,557,535.0,1
MAC002875,Std,2012-06-30,2014-02-27,606,582.0,0
MAC002876,Std,2012-06-30,2014-02-27,606,584.0,0
MAC002880,Std,2012-06-30,2014-02-27,607,581.0,0
MAC002908,Std,2012-07-02,2014-02-27,604,580.0,0
MAC002949,Std,2012-07-05,2014-02-27,603,583.0,0
MAC002950,Std,2012-07-03,2014-02-27,605,579.0,0
MAC002955,Std,2012-07-05,2014-02-27,597,576.0,0
MAC002956,Std,2012-07-05,2014-02-27,603,579.0,0
MAC003015,Std,2012-05-15,2014-02-27,654,629.0,0
MAC003093,Std,2012-05-16,2014-02-27,653,630.0,0
MAC003125,Std,2012-05-16,2014-02-27,652,628.0,0
MAC003126,Std,2012-05-16,2014-02-27,650,625.0,0
MAC003164,Std,2012-07-31,2014-02-27,576,552.0,0
MAC003193,Std,2012-09-14,2014-02-27,532,510.0,0
MAC003231,Std,2012-09-17,2013-11-23,433,416.0,1
MAC003279,Std,2012-09-20,2014-02-27,525,507.0,0
MAC003314,Std,2012-09-24,2014-02-27,521,502.0,0
MAC003374,Std,2012-09-27,2014-02-27,518,497.0,0
MAC003548,Std,2012-10-08,2014-02-27,507,485.0,0
MAC003622,Std,2012-10-11,2014-02-27,505,486.0,0
MAC003748,Std,2012-10-18,2013-10-03,350,334.0,1
MAC003842,Std,2012-10-23,2014-02-27,492,473.0,0
MAC003888,Std,2012-10-26,2014-02-27,489,469.0,0
MAC003931,Std,2012-11-17,2014-02-27,468,449.0,0
MAC004005,Std,2012-07-06,2014-02-27,602,578.0,0
MAC004048,Std,2012-07-07,2014-02-27,600,574.0,0
MAC004095,Std,2012-05-18,2014-01-22,614,593.0,0
MAC004096,Std,2012-05-18,2014-02-27,650,625.0,0
MAC004134,Std,2012-05-20,2014-02-27,634,613.0,0
MAC004179,Std,2012-05-21,2014-02-27,648,625.0,0
MAC004211,Std,2012-05-23,2014-02-27,645,622.0,0
MAC004261,Std,2012-05-24,2014-02-03,620,594.0,0
MAC004333,Std,2012-03-14,2014-02-27,716,687.0,0
MAC004385,Std,2012-03-16,2014-02-27,714,688.0,0
MAC004386,Std,2012-03-16,2014-02-27,714,685.0,0
MAC004460,Std,2011-12-17,2014-02-27,804,775.0,0
MAC004558,Std,2011-12-22,2013-07-22,579,560.0,1
MAC004677,Std,2012-07-13,2014-02-27,595,571.0,0
MAC004730,Std,2012-04-02,2014-02-27,697,673.0,0
MAC004848,Std,2011-12-29,2014-02-27,792,762.0,0
MAC004931,Std,2012-01-20,2014-01-29,741,713.0,0
MAC005001,Std,2012-01-27,2014-01-07,712,687.0,0
MAC005062,Std,2012-05-29,2012-12-17,203,195.0,1
MAC005142,Std,2012-05-31,2014-02-27,635,607.0,0
MAC005237,Std,2012-02-06,2014-02-27,753,727.0,0
MAC005411,Std,2012-02-28,2014-02-27,731,697.0,0
MAC005447,Std,2012-04-16,2014-02-27,681,656.0,0
MAC005500,Std,2012-04-17,2014-02-27,682,657.0,0
MAC005531,Std,2012-04-17,2013-11-15,575,554.0,1
MAC005566,Std,2012-10-03,2014-02-27,513,497.0,0
MAC000107,ToU,2011-12-13,2014-02-27,808,778.0,0
MAC000219,ToU,2011-11-30,2014-02-27,821,783.0,0
MAC000494,ToU,2012-03-24,2013-12-09,626,601.0,0
MAC000789,ToU,2012-04-20,2014-02-27,679,651.0,0
MAC001133,ToU,2012-05-09,2014-02-27,658,633.0,0
MAC001141,ToU,2012-05-09,2014-02-27,657,627.0,0
MAC001246,ToU,2012-05-14,2014-02-27,653,625.0,0
MAC001360,ToU,2012-05-17,2014-02-27,649,623.0,0
MAC001366,ToU,2012-05-17,2013-08-15,456,437.0,1
MAC001435,ToU,2012-05-18,2014-02-27,651,624.0,0
MAC002695,ToU,2012-05-05,2014-02-27,662,638.0,0
MAC002910,ToU,2012-07-02,2014-02-27,606,584.0,0
MAC002915,ToU,2012-07-02,2014-02-27,604,581.0,0
MAC003044,ToU,2012-05-15,2014-02-27,653,629.0,0
MAC003268,ToU,2012-09-21,2014-02-27,518,494.0,0
MAC003337,ToU,2012-09-25,2013-12-19,451,433.0,0
MAC003661,ToU,2012-10-12,2014-02-27,504,484.0,0
MAC003682,ToU,2012-10-16,2014-02-27,500,479.0,0
MAC003827,ToU,2012-10-23,2014-02-27,493,476.0,0
MAC003973,ToU,2012-07-06,2014-02-27,587,564.0,0
MAC004157,ToU,2012-05-21,2014-02-27,647,621.0,0
MAC004620,ToU,2012-07-11,2014-02-27,597,573.0,0
MAC004693,ToU,2012-07-13,2014-02-27,595,571.0,0
MAC004709,ToU,2012-07-13,2014-02-27,594,566.0,0
MAC004821,ToU,2012-04-05,2014-02-27,693,668.0,0
MAC000042,Std,2011-12-08,2014-02-27,813,781.0,0
MAC000154,Std,2011-11-23,2013-05-12,507,488.0,1
MAC000182,Std,2011-11-26,2013-12-03,739,710.0,0
MAC000273,Std,2011-12-06,2014-02-27,815,780.0,0
MAC000312,Std,2012-03-06,2014-02-27,724,697.0,0
MAC000398,Std,2012-03-13,2014-02-27,691,659.0,0
MAC000466,Std,2012-03-23,2014-02-27,706,677.0,0
MAC000541,Std,2012-04-10,2014-02-27,687,656.0,0
MAC000889,Std,2012-04-27,2014-02-27,670,644.0,0
MAC000929,Std,2012-05-01,2014-02-27,659,634.0,0
MAC000972,Std,2012-05-02,2014-02-27,664,632.0,0
MAC000977,Std,2012-05-02,2013-05-06,368,353.0,1
MAC001020,Std,2012-05-02,2014-01-26,633,608.0,0
MAC001026,Std,2012-05-02,2014-02-27,666,639.0,0
MAC001059,Std,2012-05-08,2014-02-27,660,634.0,0
MAC001099,Std,2012-05-08,2014-02-27,661,634.0,0
MAC001184,Std,2012-05-09,2014-02-27,659,635.0,0
MAC001218,Std,2012-05-12,2014-02-27,655,628.0,0
MAC001339,Std,2012-05-17,2014-02-27,649,624.0,0
MAC001365,Std,2012-05-17,2014-02-27,650,624.0,0
MAC001457,Std,2012-05-21,2014-02-27,648,622.0,0
MAC001647,Std,2012-05-28,2014-02-27,638,616.0,0
MAC001695,Std,2012-05-29,2014-02-27,638,613.0,0
MAC001696,Std,2012-05-29,2014-02-27,639,615.0,0
MAC001732,Std,2012-06-01,2014-02-27,636,611.0,0
MAC001780,Std,2012-06-06,2014-02-27,631,607.0,0
MAC001838,Std,2012-06-07,2014-02-27,630,604.0,0
MAC001961,Std,2012-06-11,2014-02-27,624,601.0,0
MAC002015,Std,2012-06-13,2014-02-27,625,599.0,0
MAC002016,Std,2012-06-13,2014-02-27,623,593.0,0
MAC002153,Std,2012-06-19,2014-02-27,619,596.0,0
MAC002209,Std,2012-06-26,2014-02-27,612,583.0,0
MAC002267,Std,2012-04-23,2014-02-27,673,646.0,0
MAC002380,Std,2012-04-28,2014-02-27,671,646.0,0
MAC002532,Std,2012-07-09,2014-02-27,599,571.0,0
MAC002537,Std,2012-07-09,2014-02-27,599,576.0,0
MAC002638,Std,2012-05-03,2014-02-27,664,639.0,0
MAC002657,Std,2012-05-04,2014-02-27,664,640.0,0
MAC002721,Std,2012-05-08,2014-02-27,659,628.0,0
MAC002753,Std,2012-05-10,2014-02-27,657,634.0,0
MAC002781,Std,2012-05-10,2014-02-27,656,630.0,0
MAC002898,Std,2012-07-02,2014-02-27,604,582.0,0
MAC002933,Std,2012-07-02,2014-02-27,604,581.0,0
MAC002968,Std,2012-07-03,2014-02-27,603,582.0,0
MAC003025,Std,2012-05-15,2014-02-27,653,627.0,0
MAC003026,Std,2012-05-15,2014-02-27,653,627.0,0
MAC003208,Std,2012-09-17,2014-02-27,529,506.0,0
MAC003415,Std,2012-10-01,2014-02-27,513,492.0,0
MAC003416,Std,2012-10-01,2014-02-27,510,491.0,0
MAC003515,Std,2012-10-05,2014-02-27,509,491.0,0
MAC003516,Std,2012-10-05,2014-02-27,511,490.0,0
MAC003579,Std,2012-10-09,2014-02-27,507,488.0,0
MAC003636,Std,2012-10-12,2014-02-27,504,485.0,0
MAC003674,Std,2012-10-15,2014-02-27,501,483.0,0
MAC003719,Std,2012-10-17,2014-02-27,499,480.0,0
MAC003822,Std,2012-10-23,2014-02-27,493,472.0,0
MAC003873,Std,2012-10-25,2014-02-27,491,472.0,0
MAC004032,Std,2012-07-06,2014-02-27,602,577.0,0
MAC004073,Std,2012-05-18,2014-02-27,649,618.0,0
MAC004114,Std,2012-05-19,2014-02-27,650,626.0,0
MAC004394,Std,2012-03-17,2014-02-27,713,684.0,0
MAC004466,Std,2011-12-17,2014-02-27,804,769.0,0
MAC004565,Std,2011-12-23,2014-02-27,798,767.0,0
MAC004566,Std,2011-12-23,2014-02-27,798,771.0,0
MAC004597,Std,2012-07-11,2014-02-27,597,574.0,0
MAC004688,Std,2012-07-13,2014-02-27,594,570.0,0
MAC004856,Std,2011-12-29,2014-02-27,792,758.0,0
MAC005027,Std,2012-01-31,2014-02-27,759,722.0,0
MAC005030,Std,2012-01-31,2014-02-27,759,729.0,0
MAC005125,Std,2012-05-31,2014-02-27,636,610.0,0
MAC005126,Std,2012-05-31,2014-02-27,638,611.0,0
MAC005247,Std,2012-02-07,2014-01-22,716,687.0,0
MAC005309,Std,2012-02-15,2014-02-27,744,717.0,0
MAC005311,Std,2012-02-15,2014-02-27,744,718.0,0
MAC005325,Std,2012-02-18,2014-02-27,741,711.0,0
MAC005326,Std,2012-02-20,2014-02-27,739,713.0,0
MAC005505,Std,2012-04-17,2014-02-27,682,657.0,0
MAC005506,Std,2012-04-17,2013-11-19,582,558.0,1
MAC000075,ToU,2011-12-10,2014-02-27,811,781.0,0
MAC000076,ToU,2011-12-10,2014-02-27,811,771.0,0
MAC000635,ToU,2012-04-13,2014-02-27,686,658.0,0
MAC001482,ToU,2012-05-22,2014-02-27,644,619.0,0
MAC001487,ToU,2012-05-22,2014-02-27,646,619.0,0
MAC001806,ToU,2012-06-06,2014-02-27,631,605.0,0
MAC002182,ToU,2012-06-22,2014-02-27,616,591.0,0
MAC002596,ToU,2012-07-10,2014-02-27,598,573.0,0
MAC002609,ToU,2012-07-10,2014-02-27,598,577.0,0
MAC003753,ToU,2012-10-18,2014-02-27,498,477.0,0
MAC004714,ToU,2012-07-14,2014-02-27,593,569.0,0
MAC004855,ToU,2011-12-29,2014-02-27,792,764.0,0
MAC005250,ToU,2012-02-07,2014-02-27,752,723.0,0
MAC005255,ToU,2012-02-08,2014-02-27,751,722.0,0
MAC005256,ToU,2012-02-08,2014-02-27,751,724.0,0
MAC005384,ToU,2012-02-24,2014-02-07,715,689.0,0
MAC005551,ToU,2012-04-18,2014-02-27,680,651.0,0
MAC000009,Std,2012-09-20,2014-02-27,526,507.0,0
MAC000102,Std,2011-12-22,2014-02-27,799,769.0,0
MAC000213,Std,2011-11-30,2014-02-27,821,789.0,0
MAC000445,Std,2012-03-22,2014-02-27,708,682.0,0
MAC000588,Std,2012-04-12,2014-02-27,687,661.0,0
MAC000630,Std,2012-04-13,2014-02-27,686,659.0,0
MAC000865,Std,2012-04-26,2013-07-25,455,435.0,1
MAC000866,Std,2012-04-26,2014-02-27,669,641.0,0
MAC001053,Std,2012-05-03,2014-02-27,665,641.0,0
MAC001093,Std,2012-05-08,2014-02-27,659,627.0,0
MAC001127,Std,2012-05-09,2014-02-27,658,625.0,0
MAC001198,Std,2012-05-11,2014-02-27,658,632.0,0
MAC001348,Std,2012-05-17,2014-02-27,650,621.0,0
MAC001519,Std,2012-05-22,2014-02-27,644,622.0,0
MAC001594,Std,2012-05-25,2014-02-27,641,616.0,0
MAC001675,Std,2012-05-29,2014-02-27,638,613.0,0
MAC001676,Std,2012-05-29,2014-02-27,638,612.0,0
MAC001797,Std,2012-06-06,2014-02-13,617,595.0,0
MAC001828,Std,2012-06-07,2014-02-27,629,600.0,0
MAC002027,Std,2012-06-17,2014-02-27,621,600.0,0
MAC002112,Std,2012-06-17,2014-02-27,621,593.0,0
MAC002137,Std,2012-06-18,2014-02-27,620,600.0,0
MAC002293,Std,2012-04-24,2014-02-27,674,647.0,0
MAC002323,Std,2012-04-24,2014-02-27,674,642.0,0
MAC002350,Std,2012-04-25,2014-02-27,673,649.0,0
MAC002385,Std,2012-04-28,2014-02-27,670,640.0,0
MAC002386,Std,2012-04-30,2014-02-27,668,638.0,0
MAC002425,Std,2012-04-30,2014-02-27,667,634.0,0
MAC002426,Std,2012-04-30,2013-09-13,502,484.0,1
MAC002443,Std,2012-04-30,2014-02-27,669,641.0,0
MAC002449,Std,2012-04-30,2013-11-22,572,550.0,1
MAC002527,Std,2012-07-09,2014-02-27,598,575.0,0
MAC002572,Std,2012-07-10,2014-02-27,598,573.0,0
MAC002718,Std,2012-05-08,2014-02-27,660,635.0,0
MAC002790,Std,2012-05-10,2014-02-27,657,632.0,0
MAC002916,Std,2012-07-02,2014-02-27,606,582.0,0
MAC003100,Std,2012-08-02,2014-02-27,574,549.0,0
MAC003132,Std,2012-05-16,2014-02-27,648,623.0,0
MAC003199,Std,2012-09-14,2014-02-27,532,513.0,0
MAC003241,Std,2012-09-18,2014-02-27,528,506.0,0
MAC003341,Std,2012-09-26,2014-02-27,520,496.0,0
MAC003600,Std,2012-10-11,2014-02-27,505,485.0,0
MAC003839,Std,2012-10-23,2013-11-20,393,380.0,1
MAC004015,Std,2012-07-06,2014-02-27,602,581.0,0
MAC004059,Std,2012-07-08,2014-02-27,600,575.0,0
MAC004204,Std,2012-05-23,2014-02-27,646,620.0,0
MAC004249,Std,2012-05-23,2014-02-27,645,615.0,0
MAC004339,Std,2012-03-15,2014-02-27,715,689.0,0
MAC004548,Std,2011-12-22,2013-11-17,697,672.0,1
MAC004574,Std,2011-12-23,2014-02-27,798,770.0,0
MAC004653,Std,2012-07-12,2014-02-27,596,573.0,0
MAC004699,Std,2012-07-13,2014-02-27,595,570.0,0
MAC004897,Std,2012-01-16,2014-02-27,774,747.0,0
MAC004923,Std,2012-01-20,2014-02-27,770,738.0,0
MAC004950,Std,2012-01-23,2014-02-27,767,738.0,0
MAC004991,Std,2012-01-27,2013-10-13,626,604.0,1
MAC005201,Std,2012-02-03,2014-02-27,756,724.0,0
MAC005348,Std,2012-02-21,2014-02-27,738,711.0,0
MAC000139,ToU,2011-12-15,2013-09-29,655,629.0,1
MAC000847,ToU,2012-04-26,2014-02-27,670,644.0,0
MAC001030,ToU,2012-05-02,2014-02-27,665,640.0,0
MAC001064,ToU,2012-05-08,2013-09-08,488,470.0,1
MAC001602,ToU,2012-05-25,2014-02-27,644,616.0,0
MAC001658,ToU,2012-05-28,2014-02-27,639,612.0,0
MAC001667,ToU,2012-05-28,2014-02-27,639,614.0,0
MAC001847,ToU,2012-06-07,2014-02-27,629,605.0,0
MAC002098,ToU,2012-06-17,2014-02-27,621,593.0,0
MAC002982,ToU,2012-07-03,2014-02-27,605,581.0,0
MAC002992,ToU,2012-07-04,2013-09-17,440,421.0,1
MAC003156,ToU,2012-07-14,2013-07-02,354,341.0,1
MAC003170,ToU,2012-09-12,2014-02-27,534,515.0,0
MAC004037,ToU,2012-07-06,2014-02-27,601,574.0,0
MAC004053,ToU,2012-07-07,2014-02-27,601,578.0,0
MAC004956,ToU,2012-01-23,2014-02-27,766,735.0,0
MAC005164,ToU,2012-05-31,2014-02-27,635,611.0,0
MAC000021,Std,2011-12-07,2014-02-27,814,784.0,0
MAC000047,Std,2011-12-08,2014-02-27,813,778.0,0
MAC000092,Std,2011-12-12,2014-02-27,809,773.0,0
MAC000248,Std,2011-12-03,2014-02-27,818,789.0,0
MAC000629,Std,2012-04-13,2014-02-27,686,661.0,0
MAC000694,Std,2012-04-18,2014-02-27,679,651.0,0
MAC000779,Std,2012-04-20,2014-02-27,679,653.0,0
MAC000809,Std,2012-04-25,2014-02-27,674,649.0,0
MAC000855,Std,2012-04-26,2014-02-27,673,650.0,0
MAC000856,Std,2012-04-26,2014-02-27,671,646.0,0
MAC000963,Std,2012-05-01,2014-02-27,664,634.0,0
MAC000998,Std,2012-05-02,2014-01-09,616,592.0,0
MAC001114,Std,2012-05-08,2014-02-27,659,636.0,0
MAC001272,Std,2012-05-14,2014-02-27,655,631.0,0
MAC001333,Std,2012-05-17,2012-12-16,214,205.0,1
MAC001436,Std,2012-05-18,2014-02-27,650,628.0,0
MAC001469,Std,2012-05-21,2014-02-27,647,621.0,0
MAC001513,Std,2012-05-22,2014-02-27,647,621.0,0
MAC001690,Std,2012-05-29,2014-01-07,586,564.0,0
MAC001760,Std,2012-06-02,2014-02-27,635,610.0,0
MAC001792,Std,2012-06-06,2014-02-27,630,605.0,0
MAC001883,Std,2012-06-08,2014-02-27,629,605.0,0
MAC001917,Std,2012-06-09,2014-02-27,628,602.0,0
MAC001956,Std,2012-06-11,2014-02-27,625,601.0,0
MAC001995,Std,2012-06-12,2014-02-27,625,600.0,0
MAC001996,Std,2012-06-12,2014-02-27,624,601.0,0
MAC002171,Std,2012-06-21,2013-06-19,364,351.0,1
MAC002218,Std,2012-06-29,2014-02-27,588,565.0,0
MAC002262,Std,2012-04-23,2014-02-27,676,647.0,0
MAC002355,Std,2012-04-27,2014-02-27,671,640.0,0
MAC002356,Std,2012-04-27,2014-02-27,669,645.0,0
MAC002420,Std,2012-04-30,2014-02-27,666,643.0,0
MAC002696,Std,2012-05-05,2014-02-27,661,635.0,0
MAC002759,Std,2012-05-10,2014-02-27,657,631.0,0
MAC002761,Std,2012-05-10,2014-02-27,658,631.0,0
MAC002850,Std,2012-05-11,2014-02-27,656,630.0,0
MAC003020,Std,2012-05-15,2014-02-27,652,626.0,0
MAC003086,Std,2012-05-16,2014-02-27,652,624.0,0
MAC003150,Std,2012-07-14,2014-02-27,594,573.0,0
MAC003273,Std,2012-09-20,2014-02-27,526,508.0,0
MAC003305,Std,2012-09-24,2014-02-27,522,502.0,0
MAC003306,Std,2012-09-24,2014-02-27,522,500.0,0
MAC003410,Std,2012-10-01,2014-02-27,515,493.0,0
MAC003454,Std,2012-10-02,2014-02-27,514,491.0,0
MAC003687,Std,2012-10-16,2014-02-27,500,480.0,0
MAC003767,Std,2012-10-19,2014-02-27,497,479.0,0
MAC003854,Std,2012-10-24,2014-02-27,492,474.0,0
MAC003913,Std,2012-10-26,2013-05-12,199,190.0,1
MAC003983,Std,2012-07-06,2014-02-27,602,577.0,0
MAC004291,Std,2012-05-24,2014-02-27,643,619.0,0
MAC004373,Std,2012-03-16,2014-02-27,714,690.0,0
MAC004504,Std,2011-12-19,2014-02-27,802,770.0,0
MAC004528,Std,2011-12-21,2014-02-27,800,764.0,0
MAC004602,Std,2012-07-11,2014-02-27,596,573.0,0
MAC004672,Std,2012-07-12,2014-02-27,595,571.0,0
MAC004863,Std,2011-12-30,2014-02-27,791,759.0,0
MAC004884,Std,2012-01-10,2014-02-27,780,752.0,0
MAC005019,Std,2012-05-21,2014-02-27,648,619.0,0
MAC005188,Std,2012-02-02,2014-02-22,752,724.0,0
MAC005232,Std,2012-02-06,2014-02-27,753,726.0,0
MAC005320,Std,2012-02-16,2014-02-27,743,718.0,0
MAC005351,Std,2012-02-21,2014-02-27,738,710.0,0
MAC005424,Std,2012-04-14,2014-02-27,684,659.0,0
MAC005527,Std,2012-04-17,2014-02-27,682,659.0,0
MAC000017,ToU,2011-12-06,2014-02-27,815,783.0,0
MAC000465,ToU,2012-03-23,2014-02-27,707,680.0,0
MAC000598,ToU,2012-04-12,2014-02-27,686,661.0,0
MAC000803,ToU,2012-04-25,2014-02-27,672,644.0,0
MAC001420,ToU,2012-05-18,2014-02-27,648,625.0,0
MAC001976,ToU,2012-06-12,2014-02-27,623,600.0,0
MAC002132,ToU,2012-06-18,2014-02-27,620,598.0,0
MAC002243,ToU,2012-04-21,2014-02-27,678,651.0,0
MAC002795,ToU,2012-05-10,2014-02-27,659,631.0,0
MAC002886,ToU,2012-07-02,2014-02-27,604,578.0,0
MAC003099,ToU,2012-05-16,2014-02-27,653,627.0,0
MAC003120,ToU,2012-05-16,2014-02-27,653,630.0,0
MAC003439,ToU,2012-10-02,2014-02-27,513,493.0,0
MAC003461,ToU,2012-10-02,2014-02-27,513,493.0,0
MAC003523,ToU,2012-10-08,2014-02-27,508,489.0,0
MAC003713,ToU,2012-10-17,2014-02-27,499,475.0,0
MAC003919,ToU,2012-10-26,2014-02-27,490,473.0,0
MAC005395,ToU,2012-02-27,2014-02-27,732,703.0,0
MAC005396,ToU,2012-02-27,2014-02-27,732,703.0,0
MAC005489,ToU,2012-04-17,2014-02-27,680,653.0,0
MAC000012,Std,2012-10-02,2014-02-27,514,496.0,0
MAC000440,Std,2012-03-22,2014-02-27,708,678.0,0
MAC000481,Std,2012-03-23,2014-02-27,707,681.0,0
MAC000514,Std,2012-03-27,2014-02-27,675,651.0,0
MAC000623,Std,2012-04-13,2014-02-27,686,659.0,0
MAC000657,Std,2012-04-13,2014-02-27,686,658.0,0
MAC000730,Std,2012-04-19,2014-02-27,678,644.0,0
MAC000764,Std,2012-04-20,2014-02-27,676,646.0,0
MAC000842,Std,2012-04-26,2014-02-27,673,650.0,0
MAC000875,Std,2012-04-26,2014-02-27,671,645.0,0
MAC000876,Std,2012-04-27,2014-02-27,671,646.0,0
MAC001101,Std,2012-05-08,2014-02-13,647,624.0,0
MAC001259,Std,2012-05-14,2014-02-27,653,625.0,0
MAC001291,Std,2012-05-14,2014-02-27,653,624.0,0
MAC001404,Std,2012-05-17,2013-02-26,283,271.0,1
MAC001452,Std,2012-05-21,2014-02-27,647,623.0,0
MAC001607,Std,2012-05-25,2014-02-27,644,617.0,0
MAC001635,Std,2012-05-28,2014-02-27,639,613.0,0
MAC001670,Std,2012-05-28,2014-02-27,640,613.0,0
MAC001766,Std,2012-06-06,2014-02-27,627,602.0,0
MAC001774,Std,2012-06-08,2014-02-27,470,454.0,0
MAC002187,Std,2012-06-23,2013-10-14,479,456.0,1
MAC002228,Std,2012-04-21,2014-02-16,667,641.0,0
MAC002329,Std,2012-04-24,2014-02-27,673,644.0,0
MAC002330,Std,2012-04-24,2014-02-27,671,644.0,0
MAC002360,Std,2012-04-27,2014-02-27,671,649.0,0
MAC002471,Std,2012-05-01,2013-06-03,399,385.0,1
MAC002603,Std,2012-07-10,2014-02-27,598,576.0,0
MAC002669,Std,2012-05-04,2014-02-27,665,639.0,0
MAC002801,Std,2012-05-10,2013-05-02,356,341.0,1
MAC002838,Std,2012-05-11,2014-02-27,654,627.0,0
MAC002870,Std,2012-05-12,2014-02-27,655,629.0,0
MAC002928,Std,2012-07-02,2014-02-27,604,577.0,0
MAC003004,Std,2012-07-05,2014-02-27,603,582.0,0
MAC003031,Std,2012-05-15,2014-02-27,651,625.0,0
MAC003085,Std,2012-05-16,2014-02-27,651,626.0,0
MAC003332,Std,2012-09-25,2014-02-27,520,501.0,0
MAC003433,Std,2012-10-02,2014-02-27,514,494.0,0
MAC003759,Std,2012-10-19,2014-02-27,496,477.0,0
MAC004088,Std,2012-05-18,2014-02-27,649,627.0,0
MAC004164,Std,2012-05-21,2014-02-27,648,623.0,0
MAC004195,Std,2012-05-23,2014-02-27,646,619.0,0
MAC004196,Std,2012-05-23,2014-02-27,645,619.0,0
MAC004353,Std,2012-03-15,2014-02-27,706,681.0,0
MAC004407,Std,2012-03-20,2014-02-27,709,683.0,0
MAC004444,Std,2012-03-20,2014-02-27,707,677.0,0
MAC004488,Std,2011-12-19,2014-02-27,802,767.0,0
MAC004631,Std,2012-07-11,2013-01-14,188,179.0,1
MAC004663,Std,2012-07-12,2014-02-27,596,570.0,0
MAC004799,Std,2012-04-04,2014-02-27,695,666.0,0
MAC004904,Std,2012-01-17,2014-02-27,768,741.0,0
MAC004929,Std,2012-01-20,2014-02-27,770,739.0,0
MAC005048,Std,2012-02-01,2014-02-27,758,730.0,0
MAC005051,Std,2012-05-29,2014-02-27,637,611.0,0
MAC005074,Std,2012-05-30,2014-02-27,636,614.0,0
MAC005099,Std,2012-05-30,2012-12-19,204,196.0,1
MAC005120,Std,2012-05-31,2014-02-27,637,616.0,0
MAC005194,Std,2012-02-02,2014-02-27,754,718.0,0
MAC005222,Std,2012-02-06,2014-02-27,753,726.0,0
MAC005227,Std,2012-02-06,2014-02-27,753,722.0,0
MAC005282,Std,2012-02-10,2014-01-07,698,672.0,0
MAC005303,Std,2012-02-15,2014-02-27,744,716.0,0
MAC005377,Std,2012-02-24,2014-02-27,733,706.0,0
MAC001025,ToU,2012-05-02,2014-02-27,667,640.0,0
MAC001318,ToU,2012-05-16,2014-02-27,644,620.0,0
MAC001700,ToU,2012-05-29,2012-12-14,200,189.0,1
MAC001706,ToU,2012-06-01,2014-02-27,635,609.0,0
MAC002022,ToU,2012-06-14,2014-02-27,624,601.0,0
MAC002508,ToU,2012-07-07,2014-02-27,601,579.0,0
MAC002672,ToU,2012-05-04,2014-02-27,663,637.0,0
MAC002997,ToU,2012-07-04,2014-02-27,603,578.0,0
MAC003605,ToU,2012-10-11,2014-02-27,503,484.0,0
MAC003606,ToU,2012-10-11,2014-02-27,505,485.0,0
MAC003762,ToU,2012-10-19,2014-02-27,497,480.0,0
MAC003771,ToU,2012-10-19,2014-02-27,497,480.0,0
MAC003989,ToU,2012-07-06,2014-02-27,602,575.0,0
MAC004347,ToU,2012-03-15,2014-02-27,715,687.0,0
MAC000054,Std,2011-12-09,2014-02-27,812,781.0,0
MAC000207,Std,2011-11-29,2014-02-27,822,787.0,0
MAC000231,Std,2011-12-01,2014-02-27,820,784.0,0
MAC000291,Std,2012-03-02,2014-02-27,728,700.0,0
MAC000367,Std,2012-03-12,2014-02-27,718,692.0,0
MAC000409,Std,2012-03-21,2014-02-27,709,681.0,0
MAC000411,Std,2012-03-21,2014-02-27,709,684.0,0
MAC000474,Std,2012-03-23,2014-02-27,707,676.0,0
MAC000508,Std,2012-03-26,2014-02-27,704,677.0,0
MAC000572,Std,2012-04-11,2014-02-27,688,664.0,0
MAC000615,Std,2012-04-12,2014-02-27,687,659.0,0
MAC000616,Std,2012-04-12,2014-02-27,687,652.0,0
MAC000649,Std,2012-04-13,2014-02-27,686,661.0,0
MAC000652,Std,2012-04-13,2014-02-27,685,661.0,0
MAC000850,Std,2012-04-26,2014-02-27,671,639.0,0
MAC000923,Std,2012-04-27,2014-02-27,640,611.0,0
MAC000969,Std,2012-05-01,2014-02-27,668,643.0,0
MAC001081,Std,2012-05-08,2014-02-27,659,635.0,0
MAC001139,Std,2012-05-09,2014-01-07,609,586.0,0
MAC001329,Std,2012-05-16,2014-02-27,644,616.0,0
MAC001391,Std,2012-05-17,2014-02-27,649,622.0,0
MAC001430,Std,2012-05-18,2013-11-20,551,531.0,1
MAC001630,Std,2012-05-28,2014-02-27,639,615.0,0
MAC001705,Std,2012-06-01,2014-02-27,635,610.0,0
MAC001737,Std,2012-06-01,2014-02-27,636,607.0,0
MAC001990,Std,2012-06-12,2014-02-27,625,597.0,0
MAC002041,Std,2012-06-13,2014-02-27,623,600.0,0
MAC002078,Std,2012-06-17,2014-02-27,621,594.0,0
MAC002117,Std,2012-06-18,2014-02-27,620,598.0,0
MAC002159,Std,2012-06-20,2014-02-27,618,596.0,0
MAC002160,Std,2012-06-20,2014-02-27,618,595.0,0
MAC002249,Std,2012-04-23,2014-02-13,661,636.0,0
MAC002372,Std,2012-04-28,2014-02-27,670,645.0,0
MAC002467,Std,2012-05-01,2014-02-27,667,637.0,0
MAC002544,Std,2012-07-09,2014-02-27,599,575.0,0
MAC002595,Std,2012-07-10,2014-02-27,598,573.0,0
MAC002644,Std,2012-05-03,2014-02-27,663,638.0,0
MAC002943,Std,2012-07-05,2014-02-27,603,580.0,0
MAC002987,Std,2012-07-04,2014-02-27,603,580.0,0
MAC003016,Std,2012-09-18,2014-02-27,528,509.0,0
MAC003144,Std,2012-07-14,2014-02-27,594,568.0,0
MAC003176,Std,2012-09-12,2014-02-27,534,511.0,0
MAC003219,Std,2012-09-17,2014-02-27,529,506.0,0
MAC003300,Std,2012-09-24,2014-02-27,522,500.0,0
MAC003398,Std,2012-09-28,2014-02-27,518,495.0,0
MAC003510,Std,2012-10-05,2014-02-27,511,487.0,0
MAC003654,Std,2012-10-12,2014-02-27,504,484.0,0
MAC003721,Std,2012-10-17,2014-02-27,498,471.0,0
MAC003818,Std,2012-10-22,2014-02-27,494,472.0,0
MAC003867,Std,2012-10-25,2014-02-10,474,457.0,0
MAC004063,Std,2012-07-07,2014-02-27,601,569.0,0
MAC004090,Std,2012-05-18,2014-02-27,651,622.0,0
MAC004183,Std,2012-05-21,2014-02-27,643,621.0,0
MAC004308,Std,2012-05-25,2014-02-27,643,594.0,0
MAC004342,Std,2012-03-15,2014-02-27,715,678.0,0
MAC004379,Std,2012-03-16,2014-02-27,713,687.0,0
MAC004380,Std,2012-03-16,2014-02-27,714,688.0,0
MAC004474,Std,2011-12-17,2013-06-07,539,512.0,1
MAC004534,Std,2011-12-21,2014-02-27,800,771.0,0
MAC004607,Std,2012-07-11,2014-02-27,595,572.0,0
MAC004613,Std,2012-07-20,2014-02-27,587,566.0,0
MAC004793,Std,2012-04-04,2014-02-27,695,669.0,0
MAC004892,Std,2012-01-13,2014-02-27,777,747.0,0
MAC005177,Std,2012-06-01,2014-02-27,636,613.0,0
MAC005287,Std,2012-02-11,2013-10-13,611,586.0,1
MAC005483,Std,2012-04-16,2013-12-08,600,578.0,0
MAC005513,Std,2012-04-17,2013-03-06,324,313.0,1
MAC000384,ToU,2012-03-13,2014-02-27,717,688.0,0
MAC000754,ToU,2012-04-20,2014-02-27,679,656.0,0
MAC000822,ToU,2012-04-25,2014-02-27,673,650.0,0
MAC000901,ToU,2012-04-27,2014-02-27,672,647.0,0
MAC001202,ToU,2012-05-11,2014-02-27,658,635.0,0
MAC002166,ToU,2012-06-21,2014-02-27,617,597.0,0
MAC002585,ToU,2012-07-10,2014-02-27,598,573.0,0
MAC002586,ToU,2012-07-10,2014-02-27,596,573.0,0
MAC002677,ToU,2012-05-04,2014-02-27,665,638.0,0
MAC002855,ToU,2012-05-11,2013-11-18,556,534.0,1
MAC002861,ToU,2012-05-11,2014-02-27,655,632.0,0
MAC004149,ToU,2012-05-21,2014-02-27,646,611.0,0
MAC004152,ToU,2012-05-21,2014-02-27,646,621.0,0
MAC004838,ToU,2012-04-10,2014-02-27,689,658.0,0
MAC000070,Std,2011-12-10,2014-02-27,811,780.0,0
MAC000221,Std,2011-12-01,2014-02-27,820,789.0,0
MAC000251,Std,2011-12-03,2014-02-27,818,788.0,0
MAC000267,Std,2011-12-05,2014-02-27,815,785.0,0
MAC000317,Std,2012-03-06,2014-02-27,724,695.0,0
MAC000452,Std,2012-03-23,2014-02-27,707,680.0,0
MAC000577,Std,2012-04-11,2014-02-27,688,663.0,0
MAC000735,Std,2012-04-19,2013-04-18,364,349.0,1
MAC000736,Std,2012-04-19,2014-02-27,679,655.0,0
MAC000870,Std,2012-04-26,2014-02-27,672,644.0,0
MAC000981,Std,2012-05-02,2014-02-27,665,634.0,0
MAC001035,Std,2012-05-03,2014-02-27,664,638.0,0
MAC001036,Std,2012-05-03,2014-02-27,665,639.0,0
MAC001253,Std,2012-05-14,2014-02-27,652,629.0,0
MAC001463,Std,2012-05-21,2014-02-27,648,622.0,0
MAC001548,Std,2012-05-22,2014-02-27,647,624.0,0
MAC001627,Std,2012-05-26,2014-02-27,640,615.0,0
MAC001662,Std,2012-05-28,2014-02-27,638,615.0,0
MAC001725,Std,2012-06-01,2014-02-27,635,610.0,0
MAC001726,Std,2012-06-01,2014-02-27,621,601.0,0
MAC001765,Std,2012-06-02,2014-02-27,635,611.0,0
MAC001800,Std,2012-06-06,2014-02-27,630,605.0,0
MAC001897,Std,2012-06-08,2014-02-27,629,600.0,0
MAC001944,Std,2012-06-11,2014-02-27,626,604.0,0
MAC001981,Std,2012-06-12,2014-02-27,625,599.0,0
MAC002141,Std,2012-06-19,2014-02-27,619,592.0,0
MAC002391,Std,2012-04-30,2014-02-27,667,642.0,0
MAC002511,Std,2012-07-07,2014-02-27,601,575.0,0
MAC002551,Std,2012-07-09,2014-02-27,599,575.0,0
MAC002590,Std,2012-07-10,2013-09-10,428,410.0,1
MAC002663,Std,2012-05-04,2014-02-27,664,639.0,0
MAC003105,Std,2012-05-16,2014-02-27,653,627.0,0
MAC003106,Std,2012-05-16,2014-02-27,652,624.0,0
MAC003213,Std,2012-09-17,2014-02-27,529,505.0,0
MAC003352,Std,2012-09-26,2014-02-27,518,498.0,0
MAC003444,Std,2012-10-02,2014-02-27,512,493.0,0
MAC003529,Std,2012-10-08,2014-02-27,508,487.0,0
MAC003568,Std,2012-10-09,2014-02-27,507,487.0,0
MAC003573,Std,2012-10-09,2014-02-27,507,487.0,0
MAC003627,Std,2012-10-11,2014-02-27,505,483.0,0
MAC003847,Std,2012-10-24,2014-02-27,492,472.0,0
MAC003879,Std,2012-10-25,2014-02-27,491,470.0,0
MAC003979,Std,2012-07-06,2014-02-27,602,579.0,0
MAC004006,Std,2012-07-06,2014-02-27,602,579.0,0
MAC004010,Std,2012-07-06,2014-02-27,602,581.0,0
MAC004108,Std,2012-05-18,2014-02-27,651,625.0,0
MAC004143,Std,2012-05-21,2014-02-27,648,624.0,0
MAC004173,Std,2012-05-21,2014-02-27,648,622.0,0
MAC004243,Std,2012-05-23,2014-02-27,642,618.0,0
MAC004278,Std,2012-05-24,2014-02-27,643,616.0,0
MAC004402,Std,2012-03-19,2014-02-27,711,685.0,0
MAC004465,Std,2011-12-17,2014-02-27,804,771.0,0
MAC004514,Std,2011-12-20,2014-02-27,801,768.0,0
MAC004758,Std,2012-04-03,2014-02-27,696,669.0,0
MAC005082,Std,2012-05-30,2014-02-27,637,612.0,0
MAC005087,Std,2012-05-30,2013-05-19,354,342.0,1
MAC005242,Std,2012-02-06,2014-02-03,729,694.0,0
MAC005438,Std,2012-04-16,2014-02-27,681,654.0,0
MAC005479,Std,2012-04-16,2014-02-27,680,655.0,0
MAC005519,Std,2012-04-17,2014-02-27,681,650.0,0
MAC000433,ToU,2012-03-22,2014-02-27,706,680.0,0
MAC000439,ToU,2012-03-22,2014-02-27,708,684.0,0
MAC000565,ToU,2012-04-11,2014-02-27,688,662.0,0
MAC001718,ToU,2012-06-01,2014-02-27,636,611.0,0
MAC002336,ToU,2012-04-24,2014-02-27,675,650.0,0
MAC002344,ToU,2012-04-25,2014-02-27,674,650.0,0
MAC002491,ToU,2012-07-07,2014-02-27,601,575.0,0
MAC002690,ToU,2012-05-04,2014-02-27,664,639.0,0
MAC003080,ToU,2012-05-17,2014-02-27,651,629.0,0
MAC003862,ToU,2012-10-25,2014-02-27,491,471.0,0
MAC003991,ToU,2012-07-06,2014-02-27,602,575.0,0
MAC004000,ToU,2012-07-06,2014-02-27,602,576.0,0
MAC004223,ToU,2012-05-23,2014-02-27,644,621.0,0
MAC004229,ToU,2012-05-23,2014-02-27,645,619.0,0
MAC004234,ToU,2012-05-23,2014-02-27,646,620.0,0
MAC004491,ToU,2011-12-19,2014-02-27,802,775.0,0
MAC001531,Std,2012-05-22,2014-02-27,647,618.0,0
MAC001245,ToU,2012-05-14,2012-12-20,220,208.0,1
MAC001748,Std,2012-06-02,2013-02-26,269,255.0,1
MAC004592,ToU,2012-07-11,2014-02-02,572,550.0,0
MAC005565,ToU,2012-06-20,2012-06-21,2,0.0,1
MAC004720,ToU,2012-03-31,2014-02-27,699,674.0,0
MAC005059,ToU,2012-05-29,2014-02-27,637,609.0,0
MAC005091,ToU,2012-05-30,2014-02-27,639,616.0,0
MAC005180,ToU,2012-02-02,2014-02-27,757,730.0,0
MAC000087,Std,2011-12-12,2014-02-27,809,773.0,0
MAC000123,Std,2011-12-15,2014-02-27,806,777.0,0
MAC000233,Std,2011-12-01,2014-02-27,820,781.0,0
MAC000282,Std,2012-03-01,2014-02-27,729,699.0,0
MAC000321,Std,2012-03-06,2014-02-27,724,697.0,0
MAC000347,Std,2012-03-09,2014-02-27,721,688.0,0
MAC000539,Std,2012-04-10,2014-02-27,689,661.0,0
MAC000600,Std,2012-04-12,2014-02-27,687,658.0,0
MAC000638,Std,2012-04-13,2014-02-27,684,659.0,0
MAC000662,Std,2012-04-14,2014-02-27,685,655.0,0
MAC000667,Std,2012-04-18,2014-02-27,680,653.0,0
MAC000702,Std,2012-04-19,2014-02-27,677,650.0,0
MAC000771,Std,2012-04-20,2014-02-27,679,652.0,0
MAC000794,Std,2012-04-21,2014-02-27,673,646.0,0
MAC000835,Std,2012-04-26,2014-02-27,673,649.0,0
MAC000836,Std,2012-04-26,2014-02-27,673,644.0,0
MAC000881,Std,2012-04-27,2013-09-30,521,500.0,1
MAC000921,Std,2012-04-27,2014-02-27,669,640.0,0
MAC000955,Std,2012-05-01,2014-02-27,666,640.0,0
MAC000956,Std,2012-05-01,2014-02-27,666,643.0,0
MAC000989,Std,2012-05-02,2014-02-27,665,636.0,0
MAC000990,Std,2012-05-02,2014-02-27,664,637.0,0
MAC000995,Std,2012-05-02,2014-02-27,666,639.0,0
MAC001195,Std,2012-05-11,2014-02-27,657,628.0,0
MAC001196,Std,2012-05-11,2013-01-29,264,254.0,1
MAC001235,Std,2012-05-14,2014-02-27,654,628.0,0
MAC001236,Std,2012-05-14,2014-02-27,655,630.0,0
MAC001248,Std,2012-05-14,2014-02-27,652,627.0,0
MAC001251,Std,2012-05-14,2014-02-27,655,625.0,0
MAC001282,Std,2012-05-14,2014-02-27,653,626.0,0
MAC001384,Std,2012-05-17,2014-02-27,652,616.0,0
MAC001445,Std,2012-05-21,2014-02-27,648,623.0,0
MAC001545,Std,2012-05-22,2014-02-27,647,620.0,0
MAC001546,Std,2012-05-22,2014-02-27,646,623.0,0
MAC001587,Std,2012-05-25,2014-02-27,642,617.0,0
MAC001656,Std,2012-05-28,2014-02-27,639,616.0,0
MAC001708,Std,2012-06-01,2014-02-27,633,607.0,0
MAC001710,Std,2012-06-01,2014-02-27,636,613.0,0
MAC001740,Std,2012-06-01,2014-02-27,636,605.0,0
MAC001745,Std,2012-06-02,2014-02-27,634,609.0,0
MAC001746,Std,2012-06-02,2014-02-27,632,609.0,0
MAC001788,Std,2012-06-06,2013-11-17,529,511.0,1
MAC001906,Std,2012-06-09,2014-02-27,627,601.0,0
MAC001936,Std,2012-06-11,2014-02-27,626,601.0,0
MAC002095,Std,2012-06-16,2014-02-27,622,597.0,0
MAC002096,Std,2012-06-17,2014-02-27,621,594.0,0
MAC002168,Std,2012-06-20,2014-02-27,618,597.0,0
MAC002285,Std,2012-04-23,2014-02-27,676,651.0,0
MAC002286,Std,2012-04-23,2014-02-27,676,651.0,0
MAC002338,Std,2012-04-24,2013-01-29,279,268.0,1
MAC002405,Std,2012-04-30,2014-02-27,668,641.0,0
MAC002406,Std,2012-04-30,2014-02-27,669,641.0,0
MAC002431,Std,2012-04-30,2014-02-27,667,645.0,0
MAC002519,Std,2012-07-09,2014-02-27,599,577.0,0
MAC002559,Std,2012-07-09,2014-02-27,599,575.0,0
MAC002562,Std,2012-07-09,2014-02-27,599,574.0,0
MAC002702,Std,2012-05-05,2014-02-27,664,638.0,0
MAC002744,Std,2012-05-08,2014-02-07,641,614.0,0
MAC002858,Std,2012-05-11,2014-02-27,658,633.0,0
MAC002888,Std,2012-07-02,2014-02-27,601,577.0,0
MAC002890,Std,2012-07-02,2014-02-27,604,580.0,0
MAC002941,Std,2012-07-03,2014-02-27,604,580.0,0
MAC003112,Std,2012-05-16,2014-02-27,653,624.0,0
MAC003117,Std,2012-05-16,2014-02-27,652,628.0,0
MAC003594,Std,2012-10-10,2014-02-27,506,485.0,0
MAC003694,Std,2012-10-16,2014-02-27,500,478.0,0
MAC003734,Std,2012-10-18,2014-02-27,498,476.0,0
MAC003740,Std,2012-10-18,2014-02-27,498,478.0,0
MAC003784,Std,2012-10-20,2014-02-27,493,474.0,0
MAC003831,Std,2012-10-23,2014-02-27,493,474.0,0
MAC003898,Std,2012-10-26,2014-02-27,490,473.0,0
MAC003939,Std,2012-07-05,2014-02-27,602,580.0,0
MAC003993,Std,2012-07-06,2014-02-27,602,578.0,0
MAC004018,Std,2012-07-06,2013-05-02,301,290.0,1
MAC004080,Std,2012-05-18,2014-02-27,650,622.0,0
MAC004252,Std,2012-05-23,2014-02-27,645,620.0,0
MAC004324,Std,2012-05-25,2014-02-27,643,617.0,0
MAC004427,Std,2012-03-19,2014-02-27,711,686.0,0
MAC004480,Std,2011-12-19,2013-11-17,700,674.0,1
MAC004540,Std,2011-12-21,2014-02-27,800,772.0,0
MAC004778,Std,2012-04-03,2014-02-27,694,666.0,0
MAC004823,Std,2012-08-03,2014-02-27,574,553.0,0
MAC004872,Std,2012-01-03,2014-02-27,787,757.0,0
MAC004939,Std,2012-01-21,2013-02-26,403,388.0,1
MAC004942,Std,2012-01-21,2013-07-15,531,508.0,1
MAC005103,Std,2012-05-30,2014-02-27,638,611.0,0
MAC005267,Std,2012-02-09,2014-02-27,750,723.0,0
MAC005313,Std,2012-02-16,2014-02-27,743,711.0,0
MAC005464,Std,2012-04-16,2014-02-27,683,655.0,0
MAC000354,ToU,2012-03-09,2014-02-27,721,691.0,0
MAC000868,ToU,2012-04-26,2014-02-27,671,645.0,0
MAC000942,ToU,2012-05-01,2014-02-27,666,640.0,0
MAC001612,ToU,2012-05-25,2014-02-27,643,617.0,0
MAC002814,ToU,2012-05-11,2014-02-27,656,629.0,0
MAC002918,ToU,2012-07-02,2014-02-27,605,584.0,0
MAC002925,ToU,2012-07-02,2013-07-18,382,366.0,1
MAC002926,ToU,2012-07-02,2013-08-02,395,380.0,1
MAC003178,ToU,2012-09-13,2014-02-27,533,508.0,0
MAC003560,ToU,2012-10-09,2014-02-27,507,486.0,0
MAC003571,ToU,2012-10-09,2014-02-27,507,486.0,0
MAC004008,ToU,2012-07-06,2014-02-27,602,579.0,0
MAC004270,ToU,2012-05-24,2013-07-07,409,392.0,1
MAC004422,ToU,2012-03-19,2014-02-27,709,684.0,0
MAC004921,ToU,2012-01-19,2014-02-27,771,742.0,0
MAC000062,Std,2011-12-09,2014-02-27,812,777.0,0
MAC000131,Std,2011-12-15,2014-02-27,806,778.0,0
MAC000163,Std,2011-11-24,2014-02-27,827,792.0,0
MAC000192,Std,2011-11-28,2014-02-27,823,786.0,0
MAC000197,Std,2011-11-28,2014-02-27,823,790.0,0
MAC000304,Std,2012-03-05,2014-02-27,725,700.0,0
MAC000448,Std,2012-03-22,2014-02-27,708,679.0,0
MAC000489,Std,2012-03-24,2014-02-27,706,678.0,0
MAC000533,Std,2012-03-28,2014-02-27,702,675.0,0
MAC000557,Std,2012-04-11,2014-02-27,683,649.0,0
MAC000606,Std,2012-04-12,2013-02-17,312,301.0,1
MAC000677,Std,2012-04-18,2014-02-27,679,651.0,0
MAC000723,Std,2012-04-19,2014-02-27,679,654.0,0
MAC000947,Std,2012-05-01,2014-02-27,666,640.0,0
MAC000950,Std,2012-05-01,2014-02-27,666,636.0,0
MAC001131,Std,2012-05-09,2014-02-27,660,633.0,0
MAC001172,Std,2012-05-09,2014-02-27,658,629.0,0
MAC001428,Std,2012-05-18,2014-02-27,650,625.0,0
MAC001446,Std,2012-05-21,2014-02-27,647,619.0,0
MAC001533,Std,2012-05-22,2014-02-27,646,620.0,0
MAC001574,Std,2012-05-23,2014-02-27,617,595.0,0
MAC001678,Std,2012-05-29,2014-02-27,638,612.0,0
MAC001924,Std,2012-06-09,2013-11-22,530,511.0,1
MAC001989,Std,2012-06-12,2014-02-27,624,593.0,0
MAC002064,Std,2012-06-14,2014-02-27,622,594.0,0
MAC002149,Std,2012-06-19,2014-02-27,619,593.0,0
MAC002179,Std,2012-06-22,2014-02-27,616,594.0,0
MAC002216,Std,2012-06-28,2014-02-27,608,580.0,0
MAC002368,Std,2012-04-27,2014-02-27,670,642.0,0
MAC002399,Std,2012-04-30,2014-02-27,668,642.0,0
MAC002400,Std,2012-04-30,2014-02-27,667,644.0,0
MAC002499,Std,2012-07-07,2014-02-27,601,580.0,0
MAC002500,Std,2012-07-07,2014-02-27,601,553.0,0
MAC002617,Std,2012-05-03,2013-08-17,471,452.0,1
MAC002878,Std,2012-06-30,2014-02-27,608,585.0,0
MAC002905,Std,2012-07-02,2014-02-27,604,580.0,0
MAC002906,Std,2012-07-02,2014-02-27,606,584.0,0
MAC003062,Std,2012-05-15,2014-02-27,652,628.0,0
MAC003091,Std,2012-05-17,2014-02-27,651,627.0,0
MAC003191,Std,2012-09-14,2014-02-27,532,510.0,0
MAC003233,Std,2012-09-17,2014-02-27,528,506.0,0
MAC003280,Std,2012-09-21,2014-02-27,525,504.0,0
MAC003422,Std,2012-10-01,2014-02-27,506,484.0,0
MAC003492,Std,2012-10-04,2014-02-27,512,491.0,0
MAC003497,Std,2012-10-04,2013-08-16,317,301.0,1
MAC003554,Std,2012-10-08,2013-01-23,108,103.0,1
MAC003582,Std,2012-10-09,2014-02-27,507,485.0,0
MAC003587,Std,2012-10-10,2014-02-27,506,485.0,0
MAC003702,Std,2012-10-17,2014-02-27,499,481.0,0
MAC003751,Std,2012-10-18,2014-02-27,497,478.0,0
MAC003810,Std,2012-10-22,2014-02-27,494,474.0,0
MAC003933,Std,2012-11-23,2014-02-27,462,440.0,0
MAC003999,Std,2012-07-06,2013-11-22,505,485.0,1
MAC004045,Std,2012-07-06,2014-02-27,602,578.0,0
MAC004046,Std,2012-07-06,2013-08-07,398,383.0,1
MAC004213,Std,2012-05-23,2014-02-27,644,622.0,0
MAC004257,Std,2012-05-24,2013-07-03,400,384.0,1
MAC004388,Std,2012-03-16,2014-02-27,714,688.0,0
MAC004499,Std,2011-12-19,2014-02-27,802,770.0,0
MAC004555,Std,2011-12-22,2014-02-27,799,766.0,0
MAC004556,Std,2011-12-22,2014-02-27,799,771.0,0
MAC004680,Std,2012-07-13,2014-02-27,594,573.0,0
MAC004784,Std,2012-04-04,2014-02-27,695,668.0,0
MAC004846,Std,2011-12-29,2013-02-26,426,408.0,1
MAC004933,Std,2012-01-20,2014-02-27,770,742.0,0
MAC004993,Std,2012-01-27,2014-02-27,763,733.0,0
MAC005003,Std,2012-01-27,2014-02-27,763,736.0,0
MAC005114,Std,2012-05-31,2014-02-27,636,614.0,0
MAC005209,Std,2012-02-03,2013-09-22,598,576.0,1
MAC005258,Std,2012-02-08,2014-02-27,751,723.0,0
MAC005430,Std,2012-04-14,2014-02-27,684,659.0,0
MAC005435,Std,2012-04-14,2014-02-27,683,655.0,0
MAC005497,Std,2012-04-17,2014-02-27,681,655.0,0
MAC000082,ToU,2011-12-10,2014-02-27,811,780.0,0
MAC000586,ToU,2012-04-12,2014-02-27,686,661.0,0
MAC000672,ToU,2012-04-18,2014-02-27,679,650.0,0
MAC000878,ToU,2012-04-27,2014-02-27,670,641.0,0
MAC001264,ToU,2012-05-14,2014-02-27,654,626.0,0
MAC001440,ToU,2012-05-18,2014-02-27,651,627.0,0
MAC002075,ToU,2012-06-16,2014-02-27,622,599.0,0
MAC002215,ToU,2012-06-28,2013-08-27,424,390.0,1
MAC002225,ToU,2012-04-21,2014-02-27,678,654.0,0
MAC002280,ToU,2012-04-23,2014-02-27,676,650.0,0
MAC002291,ToU,2012-04-23,2014-02-27,676,651.0,0
MAC002710,ToU,2012-05-05,2014-02-27,662,631.0,0
MAC002836,ToU,2012-05-11,2013-08-21,467,448.0,1
MAC003265,ToU,2012-09-20,2014-02-27,525,502.0,0
MAC003502,ToU,2012-10-04,2014-02-27,512,494.0,0
MAC003816,ToU,2012-10-22,2014-02-27,494,477.0,0
MAC004611,ToU,2012-07-11,2014-02-27,596,571.0,0
MAC004691,ToU,2012-07-13,2014-02-27,594,571.0,0
MAC005186,ToU,2012-02-02,2014-02-27,757,725.0,0
MAC005292,ToU,2012-02-13,2014-02-27,746,714.0,0
MAC005508,ToU,2012-04-17,2014-02-27,680,656.0,0
MAC000034,Std,2011-12-07,2014-02-27,814,783.0,0
MAC000078,Std,2011-12-10,2014-02-27,811,780.0,0
MAC000129,Std,2011-12-15,2014-02-27,802,774.0,0
MAC000211,Std,2011-11-30,2014-02-27,821,784.0,0
MAC000240,Std,2011-12-02,2013-10-13,682,657.0,1
MAC000372,Std,2012-03-12,2014-02-27,718,694.0,0
MAC000396,Std,2012-03-13,2014-02-27,717,692.0,0
MAC000468,Std,2012-03-23,2014-02-27,707,681.0,0
MAC000505,Std,2012-03-26,2014-02-27,702,674.0,0
MAC000506,Std,2012-03-26,2014-02-27,704,676.0,0
MAC000543,Std,2012-04-10,2014-02-27,689,660.0,0
MAC000568,Std,2012-04-11,2014-02-27,688,663.0,0
MAC000717,Std,2012-04-19,2014-02-27,679,646.0,0
MAC001340,Std,2012-05-17,2014-02-27,651,626.0,0
MAC001368,Std,2012-05-17,2014-02-27,651,625.0,0
MAC001399,Std,2012-05-17,2014-02-27,652,628.0,0
MAC001562,Std,2012-05-22,2014-02-27,647,622.0,0
MAC001698,Std,2012-05-29,2014-02-27,638,615.0,0
MAC001836,Std,2012-06-07,2014-02-27,630,605.0,0
MAC001900,Std,2012-06-08,2014-02-27,628,604.0,0
MAC001905,Std,2012-06-08,2014-02-27,629,599.0,0
MAC001963,Std,2012-06-11,2014-02-27,625,599.0,0
MAC002018,Std,2012-06-14,2013-01-27,228,219.0,1
MAC002076,Std,2012-06-17,2014-02-27,621,594.0,0
MAC002151,Std,2012-06-19,2014-02-27,619,593.0,0
MAC002210,Std,2012-06-27,2014-02-27,609,583.0,0
MAC002303,Std,2012-04-24,2014-02-27,672,647.0,0
MAC002414,Std,2012-04-30,2014-02-27,667,641.0,0
MAC002454,Std,2012-04-30,2014-02-27,669,642.0,0
MAC002723,Std,2012-05-08,2014-02-27,659,634.0,0
MAC002751,Std,2012-05-10,2014-02-27,658,634.0,0
MAC002783,Std,2012-05-10,2014-02-27,659,635.0,0
MAC002896,Std,2012-07-02,2014-02-27,604,577.0,0
MAC002966,Std,2012-07-05,2014-02-27,603,583.0,0
MAC003028,Std,2012-05-15,2013-12-04,569,547.0,0
MAC003067,Std,2012-05-15,2014-02-27,653,626.0,0
MAC003072,Std,2012-05-15,2014-02-27,654,627.0,0
MAC003108,Std,2012-05-16,2014-02-27,653,624.0,0
MAC003205,Std,2012-09-14,2014-02-27,532,512.0,0
MAC003206,Std,2012-09-14,2014-02-27,531,511.0,0
MAC003249,Std,2012-09-18,2014-02-27,528,507.0,0
MAC003322,Std,2012-09-24,2014-02-27,522,502.0,0
MAC003327,Std,2012-09-24,2014-02-27,522,504.0,0
MAC003418,Std,2012-10-01,2014-02-27,514,495.0,0
MAC003469,Std,2012-10-03,2014-02-27,512,492.0,0
MAC003773,Std,2012-10-19,2014-02-27,497,479.0,0
MAC003871,Std,2012-10-25,2014-02-27,490,469.0,0
MAC003924,Std,2012-11-07,2014-02-27,477,459.0,0
MAC003964,Std,2012-07-06,2014-02-27,602,579.0,0
MAC004071,Std,2012-05-18,2013-02-11,270,261.0,1
MAC004314,Std,2012-05-25,2014-02-27,643,619.0,0
MAC004364,Std,2012-03-16,2012-11-21,251,239.0,1
MAC004434,Std,2012-03-20,2014-02-27,710,682.0,0
MAC004468,Std,2011-12-17,2014-02-27,804,775.0,0
MAC004520,Std,2011-12-20,2014-02-27,801,769.0,0
MAC004644,Std,2012-07-12,2014-02-27,595,571.0,0
MAC004685,Std,2012-07-13,2014-02-27,595,569.0,0
MAC004686,Std,2012-07-13,2014-02-27,595,572.0,0
MAC004738,Std,2012-04-02,2014-02-27,697,673.0,0
MAC004764,Std,2012-04-03,2014-02-27,695,670.0,0
MAC004804,Std,2012-04-04,2014-02-27,694,666.0,0
MAC004858,Std,2011-12-29,2014-02-27,792,763.0,0
MAC004972,Std,2012-01-24,2014-02-27,766,741.0,0
MAC005038,Std,2012-01-31,2014-02-27,759,731.0,0
MAC005040,Std,2012-02-01,2014-02-27,758,729.0,0
MAC005128,Std,2012-05-31,2014-02-27,637,613.0,0
MAC005185,Std,2012-02-02,2014-02-27,757,729.0,0
MAC005214,Std,2012-02-03,2014-02-27,756,730.0,0
MAC005328,Std,2012-02-20,2014-02-27,739,714.0,0
MAC005340,Std,2012-02-20,2014-02-27,739,711.0,0
MAC005367,Std,2012-02-23,2014-02-27,736,701.0,0
MAC005404,Std,2012-02-27,2014-02-27,732,700.0,0
MAC005471,Std,2012-04-16,2014-02-27,683,651.0,0
MAC005553,Std,2012-04-18,2014-02-27,681,655.0,0
MAC000500,ToU,2012-03-26,2014-02-27,704,673.0,0
MAC000817,ToU,2012-04-25,2014-02-27,673,646.0,0
MAC001004,ToU,2012-05-02,2014-02-27,664,639.0,0
MAC001414,ToU,2012-05-18,2014-02-27,648,622.0,0
MAC001495,ToU,2012-05-22,2014-02-27,645,622.0,0
MAC001650,ToU,2012-05-28,2014-02-27,639,617.0,0
MAC001655,ToU,2012-05-28,2014-02-27,640,617.0,0
MAC001998,ToU,2012-06-12,2014-02-27,625,600.0,0
MAC002005,ToU,2012-06-12,2014-02-27,623,598.0,0
MAC002006,ToU,2012-06-12,2014-02-27,622,598.0,0
MAC002473,ToU,2012-05-01,2013-07-07,431,414.0,1
MAC002484,ToU,2012-05-01,2014-02-27,667,637.0,0
MAC003257,ToU,2012-09-19,2014-02-27,527,505.0,0
MAC003745,ToU,2012-10-18,2014-02-27,498,475.0,0
MAC003954,ToU,2012-07-05,2014-02-27,603,582.0,0
MAC004100,ToU,2012-05-18,2014-02-27,651,628.0,0
MAC004633,ToU,2012-07-12,2013-03-03,234,222.0,1
MAC004639,ToU,2012-07-12,2013-08-18,403,387.0,1
MAC004755,ToU,2012-04-02,2013-07-16,468,448.0,1
MAC005011,ToU,2012-01-28,2014-02-27,762,726.0,0
MAC005359,ToU,2012-02-22,2014-02-27,737,708.0,0
MAC000253,Std,2011-12-03,2014-02-27,818,780.0,0
MAC000287,Std,2012-03-01,2013-12-08,648,626.0,0
MAC000413,Std,2012-03-21,2014-02-27,709,683.0,0
MAC000483,Std,2012-03-23,2014-02-27,706,678.0,0
MAC000524,Std,2012-03-28,2014-02-27,702,676.0,0
MAC000707,Std,2012-04-19,2014-02-27,671,642.0,0
MAC000712,Std,2012-04-19,2014-02-27,679,655.0,0
MAC000747,Std,2012-04-19,2014-02-27,678,653.0,0
MAC000909,Std,2012-04-27,2014-02-27,671,647.0,0
MAC000914,Std,2012-04-27,2014-02-27,672,647.0,0
MAC001051,Std,2012-05-03,2013-05-06,368,354.0,1
MAC001089,Std,2012-05-08,2014-02-27,661,629.0,0
MAC001167,Std,2012-05-09,2014-02-27,659,633.0,0
MAC001315,Std,2012-05-17,2014-02-27,651,627.0,0
MAC001316,Std,2012-05-16,2014-02-27,652,627.0,0
MAC001393,Std,2012-05-17,2014-02-27,650,624.0,0
MAC001490,Std,2012-05-22,2014-02-27,644,618.0,0
MAC001716,Std,2012-06-01,2014-01-31,607,585.0,0
MAC001852,Std,2012-06-07,2014-02-27,628,603.0,0
MAC001930,Std,2012-06-09,2014-02-27,628,602.0,0
MAC001978,Std,2012-06-12,2014-02-27,626,600.0,0
MAC002070,Std,2012-06-15,2014-02-27,623,597.0,0
MAC002107,Std,2012-06-17,2014-02-27,621,597.0,0
MAC002241,Std,2012-04-21,2014-02-27,676,650.0,0
MAC002635,Std,2012-05-03,2014-02-27,665,640.0,0
MAC002636,Std,2012-05-03,2014-02-27,664,638.0,0
MAC002661,Std,2012-05-04,2014-02-27,663,636.0,0
MAC002716,Std,2012-05-08,2014-02-27,659,634.0,0
MAC002789,Std,2012-06-27,2014-02-27,609,584.0,0
MAC002830,Std,2012-05-11,2014-02-27,656,631.0,0
MAC003033,Std,2012-05-15,2014-02-27,651,627.0,0
MAC003039,Std,2012-05-15,2014-02-27,651,623.0,0
MAC003200,Std,2012-09-14,2014-02-10,515,494.0,0
MAC003239,Std,2012-09-18,2014-02-27,528,509.0,0
MAC003243,Std,2012-09-18,2014-02-27,528,504.0,0
MAC003294,Std,2012-09-24,2014-02-27,522,500.0,0
MAC003384,Std,2012-09-27,2014-02-27,518,497.0,0
MAC003477,Std,2012-10-03,2014-02-27,513,492.0,0
MAC003518,Std,2012-10-05,2014-02-27,511,492.0,0
MAC003521,Std,2012-10-05,2014-02-27,511,491.0,0
MAC003729,Std,2012-10-18,2014-02-27,498,479.0,0
MAC003779,Std,2012-10-19,2014-02-27,497,477.0,0
MAC003885,Std,2012-10-25,2014-02-27,491,471.0,0
MAC003886,Std,2012-10-26,2014-02-27,490,471.0,0
MAC003971,Std,2012-07-06,2014-02-27,602,573.0,0
MAC004061,Std,2012-07-07,2013-12-04,516,495.0,0
MAC004098,Std,2012-05-18,2014-02-27,648,625.0,0
MAC004171,Std,2012-05-21,2014-02-27,648,622.0,0
MAC004275,Std,2012-05-24,2014-02-27,644,620.0,0
MAC004276,Std,2012-05-24,2014-02-27,645,619.0,0
MAC004299,Std,2012-05-24,2013-08-16,449,430.0,1
MAC004300,Std,2012-05-24,2014-02-27,645,619.0,0
MAC004371,Std,2012-03-16,2014-02-27,714,678.0,0
MAC004454,Std,2012-03-21,2014-02-27,709,684.0,0
MAC004526,Std,2011-12-20,2014-02-27,801,768.0,0
MAC004550,Std,2011-12-22,2014-02-27,799,770.0,0
MAC004651,Std,2012-07-12,2014-02-27,595,571.0,0
MAC004701,Std,2012-07-13,2014-02-27,593,568.0,0
MAC004742,Std,2012-04-02,2014-02-27,697,667.0,0
MAC004747,Std,2012-04-02,2014-02-27,695,667.0,0
MAC004829,Std,2012-04-05,2014-02-27,690,662.0,0
MAC004830,Std,2012-04-10,2014-02-27,689,661.0,0
MAC004947,Std,2012-01-21,2014-02-27,769,739.0,0
MAC004987,Std,2012-01-26,2014-02-27,764,734.0,0
MAC005203,Std,2012-02-03,2014-02-27,750,722.0,0
MAC005274,Std,2012-02-10,2012-11-21,286,274.0,1
MAC005301,Std,2012-02-15,2014-02-16,733,706.0,0
MAC005319,Std,2012-02-16,2014-02-27,743,715.0,0
MAC005345,Std,2012-02-21,2014-02-27,738,711.0,0
MAC005346,Std,2012-02-21,2014-02-27,738,708.0,0
MAC005419,Std,2012-02-29,2014-02-27,730,703.0,0
MAC000293,ToU,2012-03-02,2014-02-27,728,697.0,0
MAC001103,ToU,2012-05-08,2014-02-27,661,633.0,0
MAC001470,ToU,2012-05-21,2014-02-27,647,619.0,0
MAC001835,ToU,2012-06-07,2014-02-27,628,605.0,0
MAC002102,ToU,2012-06-16,2014-02-27,622,595.0,0
MAC002201,ToU,2012-06-25,2014-02-27,612,589.0,0
MAC002798,ToU,2012-05-10,2014-02-27,656,629.0,0
MAC002809,ToU,2012-05-10,2014-02-27,659,631.0,0
MAC003308,ToU,2012-09-24,2014-02-27,522,502.0,0
MAC004485,ToU,2011-12-19,2014-02-27,802,773.0,0
MAC005413,ToU,2012-02-28,2014-02-27,730,700.0,0
MAC000223,Std,2011-12-01,2013-02-05,433,417.0,1
MAC000245,Std,2011-12-02,2014-02-27,819,781.0,0
MAC000246,Std,2011-12-03,2014-02-27,818,787.0,0
MAC000271,Std,2011-12-05,2014-02-27,816,786.0,0
MAC000431,Std,2012-03-22,2014-02-27,707,679.0,0
MAC000596,Std,2012-04-12,2014-02-27,687,659.0,0
MAC000742,Std,2012-04-19,2014-02-27,677,654.0,0
MAC000781,Std,2012-04-20,2014-02-27,679,650.0,0
MAC000812,Std,2012-04-25,2014-02-27,672,642.0,0
MAC000858,Std,2012-04-26,2014-02-27,672,643.0,0
MAC000892,Std,2012-04-27,2014-02-27,671,643.0,0
MAC000996,Std,2012-05-02,2014-02-27,664,640.0,0
MAC001038,Std,2012-05-03,2014-02-27,663,634.0,0
MAC001083,Std,2012-05-08,2014-02-27,660,632.0,0
MAC001162,Std,2012-05-09,2014-02-03,633,607.0,0
MAC001190,Std,2012-05-11,2014-02-27,656,628.0,0
MAC001215,Std,2012-05-12,2014-02-27,655,629.0,0
MAC001216,Std,2012-05-12,2014-02-27,657,623.0,0
MAC001304,Std,2012-05-15,2014-01-07,602,580.0,0
MAC001331,Std,2012-05-17,2014-02-27,650,620.0,0
MAC001374,Std,2012-05-17,2014-02-27,650,624.0,0
MAC001438,Std,2012-05-18,2014-02-27,649,625.0,0
MAC001511,Std,2012-05-22,2014-02-27,645,614.0,0
MAC001539,Std,2012-05-22,2014-02-27,646,619.0,0
MAC001540,Std,2012-05-22,2014-02-27,647,622.0,0
MAC001617,Std,2012-05-26,2014-02-27,639,613.0,0
MAC001817,Std,2012-06-07,2014-02-27,628,602.0,0
MAC001820,Std,2012-06-07,2013-04-14,282,271.0,1
MAC001958,Std,2012-06-11,2014-02-27,625,601.0,0
MAC002000,Std,2012-06-12,2014-02-27,625,602.0,0
MAC002043,Std,2012-06-14,2014-02-27,623,601.0,0
MAC002087,Std,2012-06-15,2014-02-27,622,598.0,0
MAC002090,Std,2012-06-16,2014-02-27,622,599.0,0
MAC002173,Std,2012-06-21,2014-02-27,617,592.0,0
MAC002220,Std,2012-06-29,2014-02-27,607,584.0,0
MAC002309,Std,2012-04-24,2014-02-27,674,648.0,0
MAC002312,Std,2012-04-24,2014-02-27,673,648.0,0
MAC002358,Std,2012-04-27,2014-02-27,671,647.0,0
MAC002388,Std,2012-04-30,2014-02-27,667,642.0,0
MAC002493,Std,2012-07-07,2014-02-27,601,577.0,0
MAC002567,Std,2012-07-09,2013-12-04,514,494.0,0
MAC002612,Std,2012-07-10,2014-02-27,598,575.0,0
MAC002698,Std,2012-05-05,2014-02-27,664,640.0,0
MAC002729,Std,2012-05-08,2014-02-27,659,633.0,0
MAC002920,Std,2012-07-02,2014-02-27,604,579.0,0
MAC002974,Std,2012-07-05,2014-02-13,589,570.0,0
MAC003054,Std,2012-05-15,2014-02-27,652,628.0,0
MAC003184,Std,2012-09-13,2014-02-27,532,511.0,0
MAC003224,Std,2012-09-17,2014-02-27,529,509.0,0
MAC003266,Std,2012-09-20,2014-02-27,526,505.0,0
MAC003271,Std,2012-09-20,2014-02-27,526,508.0,0
MAC003363,Std,2012-09-27,2014-02-27,518,494.0,0
MAC003369,Std,2012-09-27,2014-02-27,516,496.0,0
MAC003540,Std,2012-10-08,2014-02-27,508,487.0,0
MAC003546,Std,2012-10-08,2014-02-27,508,489.0,0
MAC003804,Std,2012-10-22,2014-02-27,493,471.0,0
MAC003944,Std,2012-07-05,2014-02-27,603,581.0,0
MAC003981,Std,2012-07-06,2014-02-27,602,579.0,0
MAC004221,Std,2012-05-23,2014-02-27,646,617.0,0
MAC004269,Std,2012-05-24,2014-02-27,643,620.0,0
MAC004293,Std,2012-05-24,2013-10-21,516,493.0,1
MAC004414,Std,2012-03-19,2014-02-27,709,682.0,0
MAC004812,Std,2012-04-05,2014-02-27,693,664.0,0
MAC004835,Std,2012-04-10,2014-02-27,687,661.0,0
MAC004836,Std,2012-04-10,2014-02-27,689,660.0,0
MAC004915,Std,2012-01-19,2014-02-27,771,744.0,0
MAC004916,Std,2012-01-19,2014-02-27,771,745.0,0
MAC005053,Std,2012-05-29,2014-02-27,639,611.0,0
MAC005154,Std,2012-05-31,2013-11-22,539,519.0,1
MAC005353,Std,2012-02-22,2013-11-22,640,617.0,1
MAC000605,ToU,2012-04-12,2014-02-27,686,660.0,0
MAC000738,ToU,2012-04-19,2013-09-05,505,483.0,1
MAC000801,ToU,2012-04-25,2014-02-27,673,647.0,0
MAC001554,ToU,2012-05-22,2014-02-27,647,619.0,0
MAC001969,ToU,2012-06-11,2014-02-27,627,603.0,0
MAC002226,ToU,2012-04-21,2014-02-27,678,652.0,0
MAC002232,ToU,2012-04-21,2014-02-27,676,650.0,0
MAC002895,ToU,2012-07-02,2014-02-27,604,581.0,0
MAC003669,ToU,2012-10-15,2014-02-05,479,461.0,0
MAC003723,ToU,2012-10-17,2013-09-05,323,309.0,1
MAC003911,ToU,2012-10-26,2014-02-27,486,467.0,0
MAC004263,ToU,2012-05-24,2014-02-27,644,621.0,0
MAC004525,ToU,2011-12-20,2014-02-27,801,766.0,0
MAC004661,ToU,2012-07-12,2014-02-27,596,573.0,0
MAC005134,ToU,2012-05-31,2014-02-27,637,613.0,0
MAC000067,Std,2011-12-09,2014-02-27,812,782.0,0
MAC000119,Std,2012-02-29,2014-02-27,730,702.0,0
MAC000172,Std,2011-11-25,2013-08-21,636,608.0,1
MAC000229,Std,2011-12-01,2014-02-27,820,785.0,0
MAC000239,Std,2011-12-02,2014-02-27,819,788.0,0
MAC000299,Std,2012-03-02,2014-02-27,692,668.0,0
MAC000390,Std,2012-03-13,2014-02-27,717,691.0,0
MAC000552,Std,2012-04-11,2014-02-27,686,654.0,0
MAC000580,Std,2012-04-11,2014-02-27,685,660.0,0
MAC000585,Std,2012-04-12,2014-02-27,684,657.0,0
MAC000621,Std,2012-04-12,2014-02-27,687,662.0,0
MAC000729,Std,2012-04-19,2013-09-13,513,491.0,1
MAC000983,Std,2012-05-02,2013-07-03,426,409.0,1
MAC001028,Std,2012-05-03,2013-11-23,569,549.0,1
MAC001149,Std,2012-05-09,2014-02-27,660,633.0,0
MAC001177,Std,2012-05-09,2014-02-27,645,620.0,0
MAC001224,Std,2012-05-14,2013-02-12,274,263.0,1
MAC001293,Std,2012-05-14,2014-02-27,654,628.0,0
MAC001321,Std,2012-05-16,2014-02-27,653,624.0,0
MAC001354,Std,2012-05-17,2014-02-27,652,626.0,0
MAC001476,Std,2012-05-21,2013-07-07,413,396.0,1
MAC001567,Std,2012-05-23,2014-02-27,645,618.0,0
MAC001638,Std,2012-05-28,2014-02-27,638,616.0,0
MAC001728,Std,2012-06-01,2014-02-27,636,612.0,0
MAC001768,Std,2012-06-06,2014-02-27,632,603.0,0
MAC001812,Std,2012-06-06,2014-02-27,632,604.0,0
MAC001935,Std,2012-06-11,2014-02-27,626,604.0,0
MAC002049,Std,2012-06-14,2014-02-27,624,599.0,0
MAC002082,Std,2012-06-15,2014-02-27,623,591.0,0
MAC002127,Std,2012-06-18,2014-02-27,618,595.0,0
MAC002428,Std,2012-04-30,2014-02-27,667,643.0,0
MAC002513,Std,2012-07-09,2014-02-27,599,577.0,0
MAC002553,Std,2012-07-09,2014-02-27,598,573.0,0
MAC002598,Std,2012-07-10,2014-02-27,597,577.0,0
MAC002601,Std,2012-07-10,2014-02-27,597,573.0,0
MAC002715,Std,2012-05-08,2014-02-27,658,633.0,0
MAC002803,Std,2012-05-10,2014-02-27,656,632.0,0
MAC002958,Std,2012-07-03,2014-02-27,604,582.0,0
MAC002960,Std,2012-07-05,2014-02-27,603,580.0,0
MAC003158,Std,2012-07-14,2014-02-27,594,573.0,0
MAC003431,Std,2012-10-01,2014-02-27,514,496.0,0
MAC003482,Std,2012-10-03,2014-02-27,513,492.0,0
MAC003565,Std,2012-10-09,2014-02-27,507,488.0,0
MAC003566,Std,2012-10-09,2014-02-27,506,487.0,0
MAC003612,Std,2012-10-11,2014-02-27,505,483.0,0
MAC003644,Std,2012-10-12,2014-02-27,504,480.0,0
MAC003707,Std,2012-10-17,2014-02-27,498,476.0,0
MAC003711,Std,2012-10-17,2014-02-27,490,468.0,0
MAC003904,Std,2012-10-26,2014-02-27,490,473.0,0
MAC004040,Std,2012-07-06,2014-02-27,602,578.0,0
MAC004085,Std,2012-05-18,2014-02-27,650,627.0,0
MAC004086,Std,2012-05-18,2014-02-27,648,626.0,0
MAC004127,Std,2012-05-19,2013-11-10,541,521.0,1
MAC004198,Std,2012-05-23,2013-09-13,479,459.0,1
MAC004281,Std,2012-05-24,2014-02-27,645,622.0,0
MAC004545,Std,2011-12-21,2014-02-27,800,772.0,0
MAC004546,Std,2011-12-21,2014-02-27,799,768.0,0
MAC004584,Std,2011-12-29,2014-02-27,792,762.0,0
MAC004628,Std,2012-07-11,2014-02-27,597,573.0,0
MAC004840,Std,2012-04-10,2014-02-27,689,664.0,0
MAC004877,Std,2012-01-05,2014-02-27,785,756.0,0
MAC004958,Std,2012-01-23,2014-02-27,767,730.0,0
MAC004982,Std,2012-01-25,2014-02-27,765,737.0,0
MAC004999,Std,2012-01-27,2014-02-27,763,733.0,0
MAC005334,Std,2012-02-20,2014-02-27,739,710.0,0
MAC005454,Std,2012-04-16,2013-05-15,395,380.0,1
MAC000259,ToU,2011-12-05,2014-02-27,813,784.0,0
MAC000395,ToU,2012-03-13,2014-02-27,717,683.0,0
MAC000401,ToU,2012-03-14,2014-02-27,716,684.0,0
MAC000549,ToU,2012-04-11,2014-02-27,686,648.0,0
MAC000590,ToU,2012-04-12,2014-02-27,687,662.0,0
MAC000595,ToU,2012-04-12,2014-02-27,687,659.0,0
MAC001143,ToU,2012-05-09,2014-02-27,658,632.0,0
MAC002869,ToU,2012-05-11,2014-02-27,656,629.0,0
MAC003088,ToU,2012-05-16,2014-02-27,653,627.0,0
MAC003211,ToU,2012-09-17,2014-02-27,529,508.0,0
MAC003617,ToU,2012-10-16,2014-02-27,500,480.0,0
MAC004106,ToU,2012-05-18,2014-02-27,649,622.0,0
MAC004122,ToU,2012-05-19,2014-02-27,650,627.0,0
MAC004568,ToU,2011-12-23,2013-03-03,437,418.0,1
MAC004910,ToU,2012-01-18,2014-02-27,772,740.0,0
MAC005492,ToU,2012-04-17,2014-02-27,552,533.0,0
MAC000029,Std,2011-12-07,2014-02-27,814,783.0,0
MAC000177,Std,2011-11-26,2014-02-27,825,793.0,0
MAC000333,Std,2012-03-07,2014-02-27,723,693.0,0
MAC000618,Std,2012-04-12,2014-02-27,686,661.0,0
MAC000897,Std,2012-04-27,2014-02-27,671,644.0,0
MAC001210,Std,2012-05-12,2014-02-27,657,633.0,0
MAC001496,Std,2012-05-22,2014-02-27,645,620.0,0
MAC001808,Std,2012-06-06,2014-02-27,631,607.0,0
MAC001881,Std,2012-06-08,2014-02-27,630,607.0,0
MAC002197,Std,2012-06-23,2014-02-27,615,590.0,0
MAC002274,Std,2012-04-23,2014-02-27,666,642.0,0
MAC002317,Std,2012-04-24,2014-02-27,673,645.0,0
MAC002505,Std,2012-07-07,2014-02-27,601,578.0,0
MAC002506,Std,2012-07-07,2014-02-27,600,579.0,0
MAC002707,Std,2012-05-05,2014-02-27,663,630.0,0
MAC002778,Std,2012-05-10,2013-10-28,536,512.0,1
MAC002824,Std,2012-05-11,2014-02-27,658,626.0,0
MAC002863,Std,2012-05-11,2014-02-27,658,633.0,0
MAC003018,Std,2012-05-15,2014-02-27,653,622.0,0
MAC003260,Std,2012-09-19,2014-02-27,527,508.0,0
MAC003343,Std,2012-09-26,2013-07-28,305,294.0,1
MAC003349,Std,2012-09-26,2014-02-27,520,500.0,0
MAC003395,Std,2012-09-28,2014-02-27,517,498.0,0
MAC003463,Std,2012-10-02,2013-08-11,314,301.0,1
MAC003507,Std,2012-10-05,2014-02-05,484,466.0,0
MAC003608,Std,2012-10-11,2013-09-21,346,330.0,1
MAC003815,Std,2012-10-22,2014-02-27,494,476.0,0
MAC004181,Std,2012-05-21,2014-02-27,648,624.0,0
MAC004219,Std,2012-05-23,2014-02-27,643,621.0,0
MAC004750,Std,2012-04-02,2013-09-17,532,513.0,1
MAC004817,Std,2012-04-05,2014-02-27,694,668.0,0
MAC004845,Std,2011-12-29,2014-02-27,792,759.0,0
MAC005045,Std,2012-02-01,2014-02-27,758,730.0,0
MAC005046,Std,2012-02-01,2014-02-27,758,728.0,0
MAC005362,Std,2012-02-22,2014-02-27,737,710.0,0
MAC005511,Std,2012-04-17,2014-02-27,681,656.0,0
MAC005539,Std,2012-04-18,2014-02-27,680,657.0,0
MAC000830,ToU,2012-04-26,2014-02-27,673,648.0,0
MAC000961,ToU,2012-05-01,2014-02-27,665,637.0,0
MAC001091,ToU,2012-05-08,2014-02-27,660,634.0,0
MAC001299,ToU,2012-05-14,2014-02-27,654,631.0,0
MAC001475,ToU,2012-05-21,2014-02-27,645,619.0,0
MAC001825,ToU,2012-06-07,2014-02-27,631,606.0,0
MAC001826,ToU,2012-06-07,2014-02-27,630,608.0,0
MAC001830,ToU,2012-06-07,2014-02-27,630,604.0,0
MAC001857,ToU,2012-06-07,2014-02-27,630,607.0,0
MAC002052,ToU,2012-06-14,2014-02-27,622,596.0,0
MAC002122,ToU,2012-06-18,2014-02-27,620,598.0,0
MAC002769,ToU,2012-05-10,2013-08-21,469,449.0,1
MAC002931,ToU,2012-07-02,2014-02-27,604,581.0,0
MAC003285,ToU,2012-09-21,2013-11-13,419,403.0,1
MAC003286,ToU,2012-09-21,2014-02-27,525,498.0,0
MAC003427,ToU,2012-10-01,2014-02-27,515,496.0,0
MAC003472,ToU,2012-10-03,2014-02-27,513,492.0,0
MAC003638,ToU,2012-10-12,2014-02-27,504,486.0,0
MAC004331,ToU,2012-03-14,2014-02-27,716,684.0,0
MAC004977,ToU,2012-01-25,2014-02-27,765,738.0,0
MAC005533,ToU,2012-04-17,2014-02-27,682,656.0,0
MAC000023,Std,2011-12-07,2014-02-27,814,783.0,0
MAC000113,Std,2011-12-14,2014-02-27,801,769.0,0
MAC000169,Std,2011-11-24,2014-02-27,827,795.0,0
MAC000377,Std,2012-03-12,2014-02-27,717,687.0,0
MAC000419,Std,2012-03-21,2014-02-27,695,669.0,0
MAC000903,Std,2012-04-27,2014-02-27,671,647.0,0
MAC000934,Std,2012-05-01,2014-02-27,667,641.0,0
MAC001109,Std,2012-05-08,2014-02-27,659,635.0,0
MAC001230,Std,2012-05-14,2014-02-27,654,628.0,0
MAC001287,Std,2012-05-14,2013-02-26,288,273.0,1
MAC001310,Std,2012-05-15,2014-02-27,652,598.0,0
MAC001345,Std,2012-05-17,2014-02-27,652,618.0,0
MAC001346,Std,2012-05-17,2014-01-31,623,602.0,0
MAC001461,Std,2012-05-21,2014-02-27,648,624.0,0
MAC001524,Std,2012-05-22,2014-02-27,646,623.0,0
MAC001582,Std,2012-05-25,2013-02-20,269,259.0,1
MAC001684,Std,2012-05-29,2014-02-27,637,614.0,0
MAC001874,Std,2012-06-08,2014-02-27,629,606.0,0
MAC001983,Std,2012-06-12,2014-02-27,625,603.0,0
MAC002034,Std,2012-06-14,2014-02-27,622,592.0,0
MAC002057,Std,2012-06-17,2014-02-27,620,596.0,0
MAC002143,Std,2012-06-19,2014-02-27,619,594.0,0
MAC002192,Std,2012-06-23,2014-02-27,615,593.0,0
MAC002237,Std,2012-04-21,2014-02-27,678,653.0,0
MAC002321,Std,2012-04-24,2014-02-27,674,650.0,0
MAC002393,Std,2012-04-30,2014-02-27,666,637.0,0
MAC002441,Std,2012-04-30,2014-02-27,669,645.0,0
MAC002479,Std,2012-05-01,2014-02-27,667,639.0,0
MAC002588,Std,2012-07-10,2014-02-27,598,574.0,0
MAC002628,Std,2012-05-03,2014-02-27,666,634.0,0
MAC002630,Std,2012-05-03,2014-02-27,666,641.0,0
MAC002763,Std,2012-05-10,2014-02-27,659,634.0,0
MAC002835,Std,2012-05-11,2013-07-21,435,418.0,1
MAC002900,Std,2012-07-02,2014-02-27,605,581.0,0
MAC002965,Std,2012-07-05,2014-02-27,603,579.0,0
MAC003077,Std,2012-05-15,2014-02-27,652,625.0,0
MAC003128,Std,2012-05-16,2014-02-27,651,627.0,0
MAC003252,Std,2012-09-19,2014-02-21,518,501.0,0
MAC003487,Std,2012-10-04,2014-02-27,512,492.0,0
MAC003663,Std,2012-10-12,2014-02-27,504,484.0,0
MAC003746,Std,2012-10-18,2014-02-27,498,477.0,0
MAC003794,Std,2012-10-22,2014-02-27,493,474.0,0
MAC003880,Std,2012-10-25,2014-02-27,490,470.0,0
MAC004051,Std,2012-07-07,2014-02-27,601,571.0,0
MAC004105,Std,2012-05-18,2014-02-27,650,624.0,0
MAC004141,Std,2012-05-21,2014-02-27,648,625.0,0
MAC004241,Std,2012-05-23,2014-02-27,646,624.0,0
MAC004305,Std,2012-05-24,2014-02-27,643,615.0,0
MAC004306,Std,2012-05-24,2014-02-27,645,619.0,0
MAC004351,Std,2012-03-15,2014-01-31,688,660.0,0
MAC004486,Std,2011-12-19,2013-07-20,535,518.0,1
MAC004725,Std,2012-04-02,2014-02-27,696,669.0,0
MAC004726,Std,2012-04-02,2014-02-27,694,665.0,0
MAC004756,Std,2012-04-03,2013-02-26,329,314.0,1
MAC004791,Std,2012-04-04,2014-02-27,693,668.0,0
MAC004861,Std,2011-12-30,2014-02-27,791,757.0,0
MAC005009,Std,2012-01-28,2014-02-27,762,736.0,0
MAC005109,Std,2012-05-30,2014-02-27,637,614.0,0
MAC005262,Std,2012-02-09,2014-02-27,750,722.0,0
MAC005297,Std,2012-02-14,2014-02-27,745,720.0,0
MAC005398,Std,2012-02-27,2014-02-27,732,705.0,0
MAC005436,Std,2012-04-14,2014-02-27,684,652.0,0
MAC005481,Std,2012-04-16,2014-02-27,681,650.0,0
MAC000339,ToU,2012-03-08,2014-02-27,721,695.0,0
MAC000342,ToU,2012-03-08,2014-02-27,716,689.0,0
MAC000641,ToU,2012-04-13,2014-02-27,685,659.0,0
MAC001715,ToU,2012-07-20,2014-02-27,588,569.0,0
MAC003390,ToU,2012-09-28,2014-02-27,517,494.0,0
MAC003396,ToU,2012-09-28,2014-02-27,516,494.0,0
MAC003545,ToU,2012-10-08,2014-02-27,508,489.0,0
MAC004493,ToU,2011-12-19,2014-02-27,801,770.0,0
MAC004722,ToU,2012-03-31,2014-02-27,698,668.0,0
MAC004783,ToU,2012-04-04,2014-02-27,695,666.0,0
MAC004789,ToU,2012-04-04,2014-02-27,695,668.0,0
MAC005068,ToU,2012-05-29,2014-02-27,638,614.0,0
MAC005541,ToU,2012-04-18,2014-02-27,681,653.0,0
MAC000060,Std,2011-12-09,2014-02-27,812,781.0,0
MAC000086,Std,2011-12-10,2014-02-27,811,782.0,0
MAC000164,Std,2011-11-24,2014-01-26,795,755.0,0
MAC000234,Std,2011-12-01,2014-02-27,820,783.0,0
MAC000280,Std,2012-03-01,2014-02-27,729,698.0,0
MAC000346,Std,2012-03-09,2014-02-27,721,694.0,0
MAC000381,Std,2012-03-13,2014-02-27,717,691.0,0
MAC000458,Std,2012-03-23,2013-05-14,418,401.0,1
MAC000502,Std,2012-03-26,2014-02-27,703,678.0,0
MAC000534,Std,2012-03-28,2013-03-26,362,347.0,1
MAC000602,Std,2012-04-12,2013-02-26,319,307.0,1
MAC000705,Std,2012-04-19,2014-02-27,674,650.0,0
MAC000706,Std,2012-04-19,2014-02-27,679,653.0,0
MAC000793,Std,2012-04-21,2014-02-27,673,640.0,0
MAC000837,Std,2012-04-26,2014-02-27,672,644.0,0
MAC000919,Std,2012-04-27,2014-02-27,670,646.0,0
MAC000957,Std,2012-05-01,2014-02-27,668,641.0,0
MAC000992,Std,2012-05-02,2014-02-27,665,635.0,0
MAC001041,Std,2012-05-03,2014-02-27,664,637.0,0
MAC001078,Std,2012-05-08,2014-02-27,659,632.0,0
MAC001192,Std,2012-05-11,2014-02-27,656,627.0,0
MAC001197,Std,2012-05-11,2014-02-27,655,627.0,0
MAC001237,Std,2012-05-14,2014-02-27,653,627.0,0
MAC001280,Std,2012-05-14,2014-02-27,653,625.0,0
MAC001442,Std,2012-05-18,2014-02-27,650,625.0,0
MAC001591,Std,2012-05-25,2014-02-27,643,621.0,0
MAC001652,Std,2012-05-28,2014-02-27,638,615.0,0
MAC001657,Std,2012-05-28,2014-02-27,638,615.0,0
MAC001742,Std,2012-06-02,2014-02-27,634,610.0,0
MAC001907,Std,2012-06-09,2014-02-27,629,604.0,0
MAC001937,Std,2012-06-11,2014-02-27,625,600.0,0
MAC002007,Std,2012-06-12,2014-02-27,623,600.0,0
MAC002055,Std,2012-06-16,2014-02-27,622,600.0,0
MAC002056,Std,2012-06-16,2014-02-27,514,496.0,0
MAC002097,Std,2012-06-17,2013-02-17,246,238.0,1
MAC002100,Std,2012-06-17,2014-02-27,621,599.0,0
MAC002287,Std,2012-04-23,2014-02-27,674,642.0,0
MAC002341,Std,2012-04-24,2014-02-27,673,647.0,0
MAC002378,Std,2012-04-28,2013-12-19,600,579.0,0
MAC002407,Std,2012-04-30,2014-02-27,669,639.0,0
MAC002483,Std,2012-05-01,2014-02-27,667,639.0,0
MAC002489,Std,2012-07-07,2014-02-27,601,575.0,0
MAC002700,Std,2012-05-05,2014-02-27,662,631.0,0
MAC002743,Std,2012-05-08,2014-02-27,659,633.0,0
MAC002819,Std,2012-05-11,2014-02-27,655,625.0,0
MAC002892,Std,2012-07-02,2014-02-27,606,578.0,0
MAC002979,Std,2012-07-05,2014-02-27,603,582.0,0
MAC003115,Std,2012-05-17,2014-02-27,650,628.0,0
MAC003138,Std,2012-07-14,2014-02-27,593,571.0,0
MAC003141,Std,2012-07-14,2014-02-27,594,571.0,0
MAC003282,Std,2012-09-21,2014-02-27,524,505.0,0
MAC003287,Std,2012-09-21,2014-02-27,523,502.0,0
MAC003451,Std,2012-12-08,2014-02-27,447,431.0,0
MAC003538,Std,2012-10-08,2014-02-27,508,489.0,0
MAC003593,Std,2012-10-10,2014-02-27,506,483.0,0
MAC003693,Std,2012-10-16,2014-02-27,500,479.0,0
MAC003739,Std,2012-10-18,2014-02-27,498,480.0,0
MAC003789,Std,2012-10-22,2014-02-27,494,474.0,0
MAC003828,Std,2012-10-23,2014-02-27,493,476.0,0
MAC004082,Std,2012-05-18,2014-02-27,651,627.0,0
MAC004120,Std,2012-05-19,2014-02-27,650,626.0,0
MAC004158,Std,2012-05-21,2014-02-27,644,621.0,0
MAC004161,Std,2012-05-21,2014-02-27,646,615.0,0
MAC004255,Std,2012-05-24,2014-02-27,642,616.0,0
MAC004319,Std,2012-05-25,2014-02-27,644,621.0,0
MAC004391,Std,2012-03-17,2014-02-27,713,689.0,0
MAC004426,Std,2012-03-19,2014-02-27,711,682.0,0
MAC004459,Std,2011-12-16,2014-02-27,805,766.0,0
MAC004482,Std,2011-12-19,2014-02-27,802,770.0,0
MAC004511,Std,2011-12-20,2014-02-27,801,769.0,0
MAC004589,Std,2012-07-11,2014-02-27,597,575.0,0
MAC004824,Std,2012-04-05,2014-02-27,692,664.0,0
MAC004870,Std,2012-01-03,2013-11-19,687,657.0,1
MAC004901,Std,2012-01-16,2014-02-27,773,746.0,0
MAC004940,Std,2012-01-21,2014-02-27,769,737.0,0
MAC005071,Std,2012-05-30,2014-02-27,639,615.0,0
MAC005104,Std,2012-05-30,2014-02-27,639,615.0,0
MAC005265,Std,2012-02-09,2014-02-27,750,712.0,0
MAC005295,Std,2012-02-13,2014-02-27,746,720.0,0
MAC005314,Std,2012-02-16,2014-02-27,743,714.0,0
MAC005409,Std,2012-02-28,2014-02-27,731,703.0,0
MAC005463,Std,2012-04-16,2014-02-27,683,660.0,0
MAC000048,ToU,2011-12-08,2014-02-27,813,785.0,0
MAC000051,ToU,2011-12-08,2014-02-27,812,773.0,0
MAC000065,ToU,2011-12-09,2013-07-07,577,554.0,1
MAC000939,ToU,2012-05-01,2014-02-27,668,641.0,0
MAC000945,ToU,2012-05-01,2014-02-27,666,639.0,0
MAC002039,ToU,2012-06-14,2014-02-27,622,596.0,0
MAC002712,ToU,2012-05-08,2014-02-27,661,637.0,0
MAC002927,ToU,2012-07-02,2014-02-27,604,580.0,0
MAC003580,ToU,2012-10-09,2014-02-27,506,488.0,0
MAC003903,ToU,2012-10-26,2014-02-27,490,471.0,0
MAC004021,ToU,2012-07-06,2014-02-27,602,578.0,0
MAC004264,ToU,2012-05-24,2014-02-27,644,620.0,0
MAC004307,ToU,2012-05-24,2014-02-27,644,621.0,0
MAC004408,ToU,2012-03-19,2014-02-27,709,682.0,0
MAC004419,ToU,2012-03-19,2014-02-27,711,686.0,0
MAC004687,ToU,2012-07-13,2014-02-27,595,573.0,0
MAC004757,ToU,2012-04-03,2014-02-27,696,667.0,0
MAC005148,ToU,2012-05-31,2014-02-27,636,608.0,0
MAC005342,ToU,2012-02-21,2014-02-27,738,712.0,0
MAC005347,ToU,2012-02-21,2014-02-27,736,707.0,0
MAC000108,Std,2011-12-13,2014-02-27,808,776.0,0
MAC000196,Std,2011-11-28,2014-02-27,734,707.0,0
MAC000491,Std,2012-03-24,2013-03-06,348,334.0,1
MAC000607,Std,2012-04-12,2013-03-06,328,316.0,1
MAC000724,Std,2012-04-19,2014-02-27,680,654.0,0
MAC001009,Std,2012-05-02,2014-02-27,665,641.0,0
MAC001128,Std,2012-05-09,2014-02-27,659,634.0,0
MAC001170,Std,2012-05-09,2014-02-27,659,636.0,0
MAC001263,Std,2012-05-14,2014-02-27,654,627.0,0
MAC001294,Std,2012-05-14,2014-02-27,653,629.0,0
MAC001379,Std,2012-05-17,2014-02-27,651,621.0,0
MAC001501,Std,2012-05-22,2014-02-27,644,622.0,0
MAC001534,Std,2012-05-22,2014-02-27,647,620.0,0
MAC001573,Std,2012-05-23,2014-02-27,645,619.0,0
MAC001608,Std,2012-05-25,2014-02-27,643,613.0,0
MAC001615,Std,2012-05-26,2014-02-27,642,616.0,0
MAC001683,Std,2012-05-29,2014-02-27,638,613.0,0
MAC001923,Std,2012-06-09,2014-02-27,629,600.0,0
MAC002063,Std,2012-06-14,2014-02-27,623,599.0,0
MAC002174,Std,2012-06-21,2014-02-27,617,594.0,0
MAC002258,Std,2012-04-23,2014-02-27,676,649.0,0
MAC002402,Std,2012-04-30,2014-02-27,668,639.0,0
MAC002459,Std,2012-04-30,2014-02-27,667,640.0,0
MAC002502,Std,2012-07-07,2014-02-27,601,573.0,0
MAC002541,Std,2012-07-09,2014-02-27,598,571.0,0
MAC002616,Std,2012-05-03,2014-02-27,665,642.0,0
MAC002731,Std,2012-05-08,2014-02-27,660,635.0,0
MAC002907,Std,2012-07-02,2014-02-27,604,579.0,0
MAC003065,Std,2012-05-15,2014-02-27,654,628.0,0
MAC003161,Std,2012-07-23,2013-03-21,241,230.0,1
MAC003229,Std,2012-09-17,2014-02-27,527,506.0,0
MAC003311,Std,2012-09-24,2014-02-27,522,500.0,0
MAC003371,Std,2012-09-27,2014-02-27,519,496.0,0
MAC003420,Std,2012-10-01,2014-02-27,515,497.0,0
MAC003495,Std,2012-10-04,2014-02-27,511,492.0,0
MAC003496,Std,2012-10-04,2014-02-27,510,490.0,0
MAC003553,Std,2012-10-08,2014-02-27,508,486.0,0
MAC003585,Std,2012-10-10,2014-02-27,504,483.0,0
MAC003586,Std,2012-10-10,2014-02-27,506,487.0,0
MAC003699,Std,2012-11-06,2014-02-27,478,461.0,0
MAC003700,Std,2012-10-18,2014-02-27,498,479.0,0
MAC003809,Std,2012-10-22,2014-02-27,494,475.0,0
MAC003812,Std,2012-10-22,2014-02-27,493,476.0,0
MAC003887,Std,2012-10-26,2014-02-27,489,470.0,0
MAC003934,Std,2012-12-05,2014-02-27,449,431.0,0
MAC003959,Std,2012-07-06,2014-02-27,602,581.0,0
MAC004047,Std,2012-07-07,2013-08-15,405,387.0,1
MAC004214,Std,2012-05-23,2014-02-27,645,616.0,0
MAC004256,Std,2012-05-24,2014-02-27,645,620.0,0
MAC004294,Std,2012-05-24,2014-02-27,643,621.0,0
MAC004329,Std,2012-03-14,2014-02-27,716,689.0,0
MAC004420,Std,2012-03-19,2014-01-17,670,644.0,0
MAC004425,Std,2012-03-19,2014-02-27,710,685.0,0
MAC004501,Std,2011-12-19,2014-02-27,802,772.0,0
MAC004531,Std,2011-12-21,2014-02-27,800,769.0,0
MAC004557,Std,2011-12-22,2014-02-27,799,770.0,0
MAC004583,Std,2011-12-28,2014-02-27,793,763.0,0
MAC004678,Std,2012-07-13,2014-02-27,594,571.0,0
MAC004682,Std,2012-07-13,2014-02-27,595,573.0,0
MAC004727,Std,2012-04-02,2014-02-27,697,665.0,0
MAC004847,Std,2011-12-29,2014-02-27,792,758.0,0
MAC004912,Std,2012-01-18,2014-02-27,772,736.0,0
MAC004934,Std,2012-01-20,2014-02-27,770,743.0,0
MAC004994,Std,2012-01-27,2014-02-27,762,732.0,0
MAC005004,Std,2012-01-28,2014-02-27,762,734.0,0
MAC005042,Std,2012-02-01,2014-02-27,758,730.0,0
MAC005113,Std,2012-05-31,2014-02-27,634,609.0,0
MAC005139,Std,2012-05-31,2014-02-27,637,611.0,0
MAC005238,Std,2012-02-06,2014-02-27,751,721.0,0
MAC005260,Std,2012-02-08,2014-02-27,751,720.0,0
MAC005360,Std,2012-02-22,2014-02-27,737,711.0,0
MAC005381,Std,2012-02-24,2014-01-07,683,657.0,0
MAC005496,Std,2012-04-17,2013-12-09,600,575.0,0
MAC005528,Std,2012-04-17,2014-02-27,680,653.0,0
MAC005534,Std,2012-04-17,2014-02-27,679,652.0,0
MAC000247,ToU,2011-12-03,2014-02-27,818,784.0,0
MAC000582,ToU,2012-04-11,2014-02-27,686,661.0,0
MAC000587,ToU,2012-04-12,2014-02-27,687,661.0,0
MAC000665,ToU,2012-04-18,2014-02-27,679,653.0,0
MAC000666,ToU,2012-04-18,2013-11-18,579,557.0,1
MAC001529,ToU,2012-05-22,2014-02-27,645,620.0,0
MAC001873,ToU,2012-06-08,2014-02-27,629,602.0,0
MAC002092,ToU,2012-06-16,2013-03-03,261,248.0,1
MAC002217,ToU,2012-06-28,2014-02-27,608,584.0,0
MAC002222,ToU,2012-06-29,2014-02-27,608,583.0,0
MAC002848,ToU,2012-05-11,2014-02-27,658,634.0,0
MAC002897,ToU,2012-07-02,2013-08-02,395,378.0,1
MAC003262,ToU,2012-09-19,2014-02-27,526,508.0,0
MAC003338,ToU,2012-09-26,2014-02-27,520,500.0,0
MAC003358,ToU,2012-09-26,2014-02-27,520,499.0,0
MAC003505,ToU,2012-10-05,2014-02-27,511,492.0,0
MAC003649,ToU,2012-10-12,2014-02-27,503,482.0,0
MAC003705,ToU,2012-10-17,2014-02-27,499,480.0,0
MAC003706,ToU,2012-10-17,2014-02-27,498,478.0,0
MAC003848,ToU,2012-10-24,2014-02-27,492,474.0,0
MAC005432,ToU,2012-04-14,2014-02-27,685,658.0,0
MAC005448,ToU,2012-04-16,2014-02-27,683,658.0,0
MAC000033,Std,2011-12-07,2014-02-27,814,784.0,0
MAC000039,Std,2011-12-08,2014-02-27,813,783.0,0
MAC000080,Std,2011-12-10,2013-05-28,536,512.0,1
MAC000208,Std,2011-11-30,2014-02-27,809,780.0,0
MAC000242,Std,2011-12-02,2014-02-27,819,782.0,0
MAC000309,Std,2012-03-06,2014-02-27,724,698.0,0
MAC000340,Std,2012-03-08,2014-02-27,722,691.0,0
MAC000368,Std,2012-03-12,2014-02-27,718,689.0,0
MAC000370,Std,2012-03-12,2014-02-27,718,692.0,0
MAC000397,Std,2012-03-13,2014-02-27,716,690.0,0
MAC000675,Std,2012-04-18,2014-02-27,678,653.0,0
MAC000676,Std,2012-04-18,2014-02-27,679,654.0,0
MAC000715,Std,2012-04-19,2014-02-27,680,656.0,0
MAC000848,Std,2012-04-26,2014-02-27,672,643.0,0
MAC000890,Std,2012-04-27,2014-02-27,671,644.0,0
MAC000933,Std,2012-05-01,2014-02-27,643,620.0,0
MAC001061,Std,2012-05-08,2014-02-27,658,625.0,0
MAC001144,Std,2012-05-09,2014-02-27,657,629.0,0
MAC001181,Std,2012-05-09,2014-02-16,649,624.0,0
MAC001217,Std,2012-05-12,2014-02-27,657,630.0,0
MAC001342,Std,2012-05-17,2013-11-23,556,534.0,1
MAC001401,Std,2012-05-17,2014-02-27,652,625.0,0
MAC001458,Std,2012-05-21,2014-02-27,648,624.0,0
MAC001488,Std,2012-05-22,2014-02-27,645,622.0,0
MAC001560,Std,2012-05-22,2014-02-27,645,619.0,0
MAC001648,Std,2012-05-28,2014-02-27,639,613.0,0
MAC001837,Std,2012-06-07,2014-02-27,631,605.0,0
MAC001902,Std,2012-06-08,2013-09-10,459,440.0,1
MAC001964,Std,2012-06-11,2014-02-27,626,601.0,0
MAC002072,Std,2012-06-15,2014-02-27,623,597.0,0
MAC002077,Std,2012-06-17,2014-02-27,621,598.0,0
MAC002304,Std,2012-04-24,2014-02-27,672,643.0,0
MAC002453,Std,2012-04-30,2014-02-27,667,634.0,0
MAC002538,Std,2012-07-09,2014-02-27,599,577.0,0
MAC002610,Std,2012-07-10,2014-02-27,597,574.0,0
MAC002637,Std,2012-05-03,2014-02-27,660,633.0,0
MAC002641,Std,2012-05-03,2014-02-27,664,638.0,0
MAC002658,Std,2012-05-04,2014-02-27,662,637.0,0
MAC002724,Std,2012-05-08,2014-02-27,661,633.0,0
MAC002749,Std,2012-05-10,2014-02-27,659,634.0,0
MAC002784,Std,2012-05-10,2014-02-27,656,631.0,0
MAC002967,Std,2012-07-03,2014-02-27,603,582.0,0
MAC003066,Std,2012-05-15,2014-02-27,653,626.0,0
MAC003070,Std,2012-05-15,2014-02-27,654,625.0,0
MAC003110,Std,2012-05-16,2014-02-27,653,628.0,0
MAC003207,Std,2012-09-17,2013-02-20,156,149.0,1
MAC003244,Std,2012-09-18,2014-02-27,528,510.0,0
MAC003250,Std,2012-09-18,2014-02-21,522,504.0,0
MAC003293,Std,2012-09-25,2014-02-27,521,499.0,0
MAC003320,Std,2012-09-25,2014-02-27,521,501.0,0
MAC003325,Std,2012-12-15,2014-02-27,440,423.0,0
MAC003326,Std,2012-09-24,2014-02-27,522,502.0,0
MAC003464,Std,2012-10-02,2013-08-21,324,313.0,1
MAC003470,Std,2012-10-03,2014-02-27,513,493.0,0
MAC003671,Std,2012-10-15,2014-02-27,501,480.0,0
MAC003774,Std,2012-10-19,2014-02-27,497,478.0,0
MAC003923,Std,2012-11-02,2014-02-27,483,463.0,0
MAC003963,Std,2012-07-06,2014-02-27,601,574.0,0
MAC004313,Std,2012-05-25,2014-02-27,643,620.0,0
MAC004433,Std,2012-03-20,2013-10-15,574,553.0,1
MAC004494,Std,2011-12-19,2014-02-27,802,775.0,0
MAC004522,Std,2011-12-20,2014-02-27,801,769.0,0
MAC004598,Std,2012-07-11,2014-02-27,597,574.0,0
MAC004643,Std,2012-07-12,2014-02-27,596,567.0,0
MAC004740,Std,2012-04-02,2014-02-27,697,672.0,0
MAC004769,Std,2012-04-03,2013-11-22,597,575.0,1
MAC004803,Std,2012-04-04,2014-02-03,670,642.0,0
MAC004945,Std,2012-01-21,2014-02-27,769,739.0,0
MAC004946,Std,2012-01-21,2014-02-27,769,731.0,0
MAC004975,Std,2012-01-25,2014-02-27,765,738.0,0
MAC005028,Std,2012-01-31,2014-02-27,759,730.0,0
MAC005182,Std,2012-02-02,2014-02-27,757,727.0,0
MAC005187,Std,2012-02-02,2014-02-27,757,730.0,0
MAC005213,Std,2012-02-03,2014-02-27,756,728.0,0
MAC005339,Std,2012-02-20,2014-02-27,739,711.0,0
MAC005365,Std,2012-02-22,2014-02-27,737,710.0,0
MAC005366,Std,2012-02-22,2014-02-27,737,705.0,0
MAC005403,Std,2012-02-27,2014-02-27,732,704.0,0
MAC000195,ToU,2011-11-28,2014-02-27,823,788.0,0
MAC000523,ToU,2012-03-27,2014-02-27,703,675.0,0
MAC000681,ToU,2012-04-18,2014-02-27,680,653.0,0
MAC000810,ToU,2012-04-25,2014-02-27,674,645.0,0
MAC001285,ToU,2012-05-14,2014-02-27,654,625.0,0
MAC001413,ToU,2012-05-18,2014-02-27,651,627.0,0
MAC001984,ToU,2012-06-12,2014-02-27,625,601.0,0
MAC003256,ToU,2012-09-19,2014-02-27,527,508.0,0
MAC003747,ToU,2012-10-18,2014-02-27,498,473.0,0
MAC004711,ToU,2012-07-13,2014-02-27,595,573.0,0
MAC004746,ToU,2012-04-02,2014-02-27,697,672.0,0
MAC005266,ToU,2012-02-09,2014-02-27,750,723.0,0
MAC005290,ToU,2012-02-13,2014-02-27,746,718.0,0
MAC005354,ToU,2012-02-22,2014-02-27,609,584.0,0
MAC000151,Std,2011-11-23,2014-02-27,828,790.0,0
MAC000188,Std,2011-11-28,2014-02-27,823,791.0,0
MAC000190,Std,2011-11-28,2014-02-27,823,785.0,0
MAC000254,Std,2011-12-03,2014-02-27,818,787.0,0
MAC000285,Std,2012-03-01,2014-02-27,729,701.0,0
MAC000375,Std,2012-03-12,2014-02-27,718,687.0,0
MAC000376,Std,2012-03-12,2014-02-27,718,692.0,0
MAC000414,Std,2012-03-21,2014-02-27,699,670.0,0
MAC000484,Std,2012-03-23,2014-02-27,707,680.0,0
MAC000555,Std,2012-04-11,2014-02-27,688,662.0,0
MAC000556,Std,2012-04-11,2014-02-27,687,659.0,0
MAC000592,Std,2012-04-12,2014-02-27,686,661.0,0
MAC000670,Std,2012-04-18,2014-02-27,680,657.0,0
MAC000745,Std,2012-04-19,2014-02-27,679,653.0,0
MAC000746,Std,2012-04-19,2014-02-27,678,655.0,0
MAC000816,Std,2012-04-25,2014-02-27,670,641.0,0
MAC001011,Std,2012-05-02,2013-08-15,460,443.0,1
MAC001269,Std,2012-05-14,2014-02-27,651,626.0,0
MAC001353,Std,2012-05-17,2014-02-27,650,625.0,0
MAC001394,Std,2012-05-17,2013-07-03,413,396.0,1
MAC001492,Std,2012-05-22,2014-02-27,644,612.0,0
MAC001553,Std,2012-05-22,2014-02-27,647,620.0,0
MAC001717,Std,2012-06-01,2014-02-27,593,572.0,0
MAC001747,Std,2012-06-02,2014-02-27,633,606.0,0
MAC001751,Std,2012-06-02,2014-02-27,635,613.0,0
MAC001798,Std,2012-06-06,2014-02-27,630,601.0,0
MAC001822,Std,2012-06-07,2014-02-27,629,600.0,0
MAC001827,Std,2012-06-07,2014-02-27,630,605.0,0
MAC001929,Std,2012-06-09,2014-02-27,627,605.0,0
MAC001932,Std,2012-06-09,2014-02-27,626,601.0,0
MAC002028,Std,2012-06-13,2014-02-27,623,598.0,0
MAC002069,Std,2012-06-15,2014-02-27,622,599.0,0
MAC002138,Std,2012-06-18,2014-02-27,620,598.0,0
MAC002632,Std,2012-05-03,2014-02-27,664,640.0,0
MAC002717,Std,2012-05-08,2014-02-27,659,629.0,0
MAC002829,Std,2012-05-11,2014-02-27,658,631.0,0
MAC002998,Std,2012-07-04,2014-02-27,603,577.0,0
MAC003001,Std,2012-07-04,2014-02-27,604,582.0,0
MAC003034,Std,2012-05-15,2014-02-27,654,630.0,0
MAC003075,Std,2012-05-15,2014-02-27,654,628.0,0
MAC003076,Std,2012-05-15,2014-02-27,654,630.0,0
MAC003299,Std,2012-09-24,2014-02-27,522,500.0,0
MAC003383,Std,2012-09-27,2013-04-25,211,202.0,1
MAC003441,Std,2012-10-02,2014-02-27,513,494.0,0
MAC003475,Std,2012-10-03,2014-02-27,513,491.0,0
MAC003562,Std,2012-10-09,2014-02-27,506,488.0,0
MAC003599,Std,2012-12-11,2014-02-27,444,429.0,0
MAC003664,Std,2012-10-12,2014-02-27,503,481.0,0
MAC003733,Std,2012-10-18,2014-02-27,498,478.0,0
MAC003882,Std,2012-10-25,2014-02-27,490,470.0,0
MAC003969,Std,2012-07-06,2014-02-27,602,580.0,0
MAC004102,Std,2012-05-18,2014-02-27,651,625.0,0
MAC004250,Std,2012-05-23,2014-02-27,644,614.0,0
MAC004272,Std,2012-05-24,2014-02-27,642,620.0,0
MAC004302,Std,2012-05-24,2014-02-27,643,617.0,0
MAC004369,Std,2012-03-16,2014-02-27,713,681.0,0
MAC004453,Std,2012-03-21,2014-02-27,709,678.0,0
MAC004471,Std,2011-12-17,2013-08-21,614,588.0,1
MAC004552,Std,2011-12-22,2014-02-27,799,765.0,0
MAC004649,Std,2012-07-12,2013-06-03,327,313.0,1
MAC004745,Std,2012-04-02,2014-02-27,696,671.0,0
MAC004809,Std,2012-04-05,2014-02-27,694,668.0,0
MAC004875,Std,2012-01-04,2014-02-27,786,757.0,0
MAC004898,Std,2012-01-16,2014-02-27,774,743.0,0
MAC004976,Std,2012-01-25,2013-09-17,602,574.0,1
MAC004980,Std,2012-01-25,2014-02-27,765,737.0,0
MAC005273,Std,2012-02-10,2014-02-27,749,721.0,0
MAC005459,Std,2012-04-16,2014-02-27,683,658.0,0
MAC005490,Std,2012-04-17,2014-02-27,682,655.0,0
MAC005554,Std,2012-05-21,2014-02-25,646,619.0,0
MAC000141,ToU,2011-12-16,2014-02-27,805,774.0,0
MAC000303,ToU,2012-03-05,2014-02-27,725,700.0,0
MAC000421,ToU,2012-03-21,2014-02-27,708,679.0,0
MAC000710,ToU,2012-04-19,2014-02-27,678,647.0,0
MAC000716,ToU,2012-04-19,2014-02-27,679,655.0,0
MAC001447,ToU,2012-05-21,2014-02-27,648,624.0,0
MAC001610,ToU,2012-05-25,2014-02-27,642,612.0,0
MAC002106,ToU,2012-06-17,2014-02-27,621,599.0,0
MAC002188,ToU,2012-06-23,2014-02-27,615,593.0,0
MAC002236,ToU,2012-04-21,2014-02-27,677,651.0,0
MAC002413,ToU,2012-04-30,2014-02-27,669,645.0,0
MAC004363,ToU,2012-03-16,2014-02-27,713,680.0,0
MAC005161,ToU,2012-05-31,2014-02-27,637,611.0,0
MAC000224,Std,2011-12-01,2013-09-10,650,623.0,1
MAC000353,Std,2012-03-09,2014-02-27,721,688.0,0
MAC000471,Std,2012-03-23,2014-02-27,707,678.0,0
MAC000597,Std,2012-04-12,2014-02-27,658,633.0,0
MAC000658,Std,2012-04-13,2014-02-27,682,652.0,0
MAC000660,Std,2012-04-14,2014-02-27,685,655.0,0
MAC000740,Std,2012-04-19,2014-02-27,679,653.0,0
MAC000815,Std,2012-04-25,2014-02-27,672,646.0,0
MAC000997,Std,2012-05-02,2014-02-27,662,637.0,0
MAC001084,Std,2012-05-08,2014-02-27,649,625.0,0
MAC001160,Std,2012-05-09,2014-02-27,660,634.0,0
MAC001373,Std,2012-05-17,2014-02-27,652,627.0,0
MAC001472,Std,2012-05-21,2014-02-27,648,624.0,0
MAC001579,Std,2012-05-25,2014-02-27,644,619.0,0
MAC001580,Std,2012-05-25,2014-02-27,641,616.0,0
MAC001616,Std,2012-05-26,2014-02-27,642,612.0,0
MAC001689,Std,2012-05-29,2014-02-27,637,614.0,0
MAC001816,Std,2012-06-07,2014-02-27,629,604.0,0
MAC001918,Std,2012-06-09,2014-02-27,628,605.0,0
MAC002044,Std,2012-06-14,2014-02-27,623,598.0,0
MAC002310,Std,2012-04-24,2014-02-27,674,648.0,0
MAC002419,Std,2012-04-30,2014-02-27,667,642.0,0
MAC002494,Std,2012-07-07,2014-02-27,601,576.0,0
MAC002528,Std,2012-07-09,2014-02-27,597,575.0,0
MAC002565,Std,2012-07-09,2014-02-27,599,575.0,0
MAC002615,Std,2012-05-03,2014-02-27,654,630.0,0
MAC002813,Std,2012-05-11,2014-02-27,657,628.0,0
MAC002973,Std,2012-07-03,2014-02-27,605,581.0,0
MAC003053,Std,2012-05-15,2014-02-27,653,628.0,0
MAC003183,Std,2012-09-13,2014-02-27,532,509.0,0
MAC003223,Std,2012-09-17,2014-02-27,529,508.0,0
MAC003267,Std,2012-09-20,2014-02-27,526,506.0,0
MAC003364,Std,2012-09-27,2014-02-27,519,498.0,0
MAC003500,Std,2012-10-04,2014-02-27,512,488.0,0
MAC003506,Std,2012-10-05,2014-02-27,511,491.0,0
MAC003542,Std,2012-10-08,2014-02-27,508,489.0,0
MAC003547,Std,2012-10-08,2014-02-27,508,486.0,0
MAC003688,Std,2012-10-16,2014-02-27,499,478.0,0
MAC003768,Std,2012-10-19,2014-02-27,497,479.0,0
MAC003803,Std,2012-10-22,2014-02-27,494,472.0,0
MAC003851,Std,2012-10-24,2014-02-27,492,473.0,0
MAC003909,Std,2012-10-26,2014-02-27,490,467.0,0
MAC003943,Std,2012-07-05,2014-02-27,602,581.0,0
MAC004111,Std,2012-05-19,2014-02-27,649,626.0,0
MAC004201,Std,2012-05-23,2014-02-27,646,619.0,0
MAC004413,Std,2012-03-19,2014-02-27,711,683.0,0
MAC004527,Std,2011-12-21,2014-02-27,800,772.0,0
MAC004810,Std,2012-04-05,2014-02-24,521,502.0,0
MAC004815,Std,2012-04-05,2014-02-27,694,667.0,0
MAC004881,Std,2012-01-09,2014-02-27,781,740.0,0
MAC005054,Std,2012-05-29,2014-02-27,639,615.0,0
MAC005153,Std,2012-05-31,2014-02-27,637,615.0,0
MAC005191,Std,2012-02-02,2014-02-27,757,730.0,0
MAC005248,Std,2012-02-07,2014-02-27,752,722.0,0
MAC000124,ToU,2011-12-15,2014-02-27,804,774.0,0
MAC000286,ToU,2012-03-01,2014-02-27,729,702.0,0
MAC001165,ToU,2012-05-09,2014-02-27,658,632.0,0
MAC001166,ToU,2012-05-09,2014-02-27,660,636.0,0
MAC001232,ToU,2012-05-14,2014-02-27,654,630.0,0
MAC001559,ToU,2012-05-22,2014-02-27,647,621.0,0
MAC001566,ToU,2012-05-23,2014-02-27,645,620.0,0
MAC002227,ToU,2012-04-21,2012-12-20,243,233.0,1
MAC002230,ToU,2012-04-21,2014-02-27,675,649.0,0
MAC002560,ToU,2012-07-09,2014-02-27,597,572.0,0
MAC002566,ToU,2012-07-09,2014-02-27,598,573.0,0
MAC002578,ToU,2012-07-10,2014-02-27,597,575.0,0
MAC003116,ToU,2012-05-16,2014-02-27,651,626.0,0
MAC005204,ToU,2012-02-03,2014-02-27,756,730.0,0
MAC000018,Std,2011-12-07,2014-02-27,814,786.0,0
MAC000066,Std,2011-12-09,2014-02-27,812,781.0,0
MAC000098,Std,2011-12-12,2014-02-27,806,775.0,0
MAC000175,Std,2011-11-25,2014-02-27,825,793.0,0
MAC000176,Std,2011-11-25,2014-02-27,825,790.0,0
MAC000359,Std,2012-03-10,2014-02-27,720,694.0,0
MAC000511,Std,2012-03-27,2014-02-27,703,676.0,0
MAC000550,Std,2012-04-11,2014-02-27,688,663.0,0
MAC000578,Std,2012-04-11,2014-02-27,687,661.0,0
MAC000700,Std,2012-04-18,2013-12-04,596,575.0,0
MAC000761,Std,2012-04-20,2014-02-27,679,648.0,0
MAC000799,Std,2012-04-25,2014-02-27,673,649.0,0
MAC000952,Std,2012-05-01,2014-02-13,649,625.0,0
MAC000984,Std,2012-05-02,2014-02-27,665,640.0,0
MAC001104,Std,2012-05-08,2014-02-27,660,634.0,0
MAC001151,Std,2012-05-09,2014-02-27,658,634.0,0
MAC001175,Std,2012-05-09,2013-03-30,325,311.0,1
MAC001176,Std,2012-05-09,2014-02-27,658,634.0,0
MAC001223,Std,2012-05-14,2014-02-27,654,626.0,0
MAC001317,Std,2012-05-16,2014-02-27,653,626.0,0
MAC001565,Std,2012-05-23,2014-01-21,606,581.0,0
MAC001668,Std,2012-05-28,2014-02-27,641,616.0,0
MAC001771,Std,2012-06-06,2014-02-27,629,606.0,0
MAC001815,Std,2012-06-06,2014-02-27,629,608.0,0
MAC001848,Std,2012-06-07,2014-02-27,630,606.0,0
MAC001850,Std,2012-06-07,2014-02-27,630,607.0,0
MAC002002,Std,2012-06-12,2014-02-27,625,601.0,0
MAC002050,Std,2012-06-15,2014-02-27,622,600.0,0
MAC002085,Std,2012-06-15,2014-02-27,623,601.0,0
MAC002086,Std,2012-06-17,2014-02-27,621,600.0,0
MAC002125,Std,2012-06-18,2014-02-27,620,595.0,0
MAC002190,Std,2012-06-23,2014-01-07,564,545.0,0
MAC002282,Std,2012-04-23,2014-02-27,676,645.0,0
MAC002394,Std,2012-04-30,2014-02-27,669,641.0,0
MAC002468,Std,2012-05-01,2014-02-27,668,643.0,0
MAC002474,Std,2012-05-01,2014-02-27,667,642.0,0
MAC002514,Std,2012-07-09,2014-02-27,599,576.0,0
MAC002554,Std,2012-07-09,2014-02-27,599,577.0,0
MAC002804,Std,2012-05-10,2013-09-19,494,475.0,1
MAC002837,Std,2012-05-11,2014-02-27,657,630.0,0
MAC002922,Std,2012-07-02,2014-02-27,604,578.0,0
MAC003189,Std,2012-09-13,2014-02-27,532,512.0,0
MAC003234,Std,2012-09-17,2014-02-27,529,509.0,0
MAC003426,Std,2012-10-01,2014-02-27,515,492.0,0
MAC003480,Std,2012-10-03,2014-02-27,513,489.0,0
MAC003485,Std,2012-10-03,2014-02-27,513,492.0,0
MAC003486,Std,2012-10-04,2014-02-27,512,490.0,0
MAC003567,Std,2012-10-09,2014-02-27,507,489.0,0
MAC003615,Std,2012-10-11,2014-02-27,505,483.0,0
MAC003616,Std,2012-10-11,2014-02-27,505,484.0,0
MAC003799,Std,2012-10-22,2014-02-27,494,469.0,0
MAC003949,Std,2012-07-05,2014-02-27,603,577.0,0
MAC003994,Std,2012-07-06,2014-02-27,602,579.0,0
MAC004042,Std,2012-07-06,2014-02-27,601,577.0,0
MAC004087,Std,2012-05-18,2014-02-27,649,620.0,0
MAC004125,Std,2012-05-19,2014-02-27,649,625.0,0
MAC004547,Std,2011-12-22,2014-02-27,799,771.0,0
MAC004763,Std,2012-04-03,2014-02-27,694,665.0,0
MAC004842,Std,2012-04-10,2014-02-27,688,657.0,0
MAC004876,Std,2012-01-04,2014-02-27,786,751.0,0
MAC004961,Std,2012-01-23,2013-03-11,412,397.0,1
MAC005119,Std,2012-05-31,2014-02-27,635,611.0,0
MAC005219,Std,2012-02-04,2014-02-27,755,728.0,0
MAC005228,Std,2012-02-06,2014-02-27,753,725.0,0
MAC005333,Std,2012-02-20,2014-01-31,712,683.0,0
MAC005378,Std,2012-02-23,2014-02-27,736,709.0,0
MAC005421,Std,2012-02-29,2014-02-27,730,698.0,0
MAC000170,ToU,2011-11-25,2014-02-27,826,788.0,0
MAC000392,ToU,2012-03-13,2014-02-27,717,690.0,0
MAC000529,ToU,2012-03-28,2014-02-27,702,676.0,0
MAC000544,ToU,2012-04-10,2014-02-27,687,661.0,0
MAC000913,ToU,2012-04-27,2014-02-27,672,646.0,0
MAC001586,ToU,2012-05-25,2014-02-27,643,618.0,0
MAC001855,ToU,2012-06-07,2014-02-27,627,605.0,0
MAC001856,ToU,2012-06-07,2014-02-27,629,600.0,0
MAC002118,ToU,2012-06-18,2014-02-27,620,588.0,0
MAC002268,ToU,2012-04-23,2014-02-27,672,648.0,0
MAC002507,ToU,2012-07-07,2014-02-27,601,580.0,0
MAC003202,ToU,2012-09-14,2013-02-17,157,150.0,1
MAC004107,ToU,2012-05-18,2014-02-27,650,625.0,0
MAC004917,ToU,2012-01-19,2014-02-27,747,714.0,0
MAC005495,ToU,2012-04-17,2014-02-27,679,651.0,0
MAC000085,Std,2011-12-10,2014-02-27,811,778.0,0
MAC000294,Std,2012-03-02,2014-02-27,728,699.0,0
MAC000334,Std,2012-03-07,2014-02-27,723,696.0,0
MAC000507,Std,2012-03-26,2014-02-27,704,677.0,0
MAC000691,Std,2012-04-18,2014-02-27,680,652.0,0
MAC000896,Std,2012-04-27,2014-02-27,672,644.0,0
MAC001003,Std,2012-05-02,2014-02-27,666,641.0,0
MAC001208,Std,2012-05-12,2014-02-27,656,629.0,0
MAC001212,Std,2012-05-12,2014-02-27,657,634.0,0
MAC001359,Std,2012-05-17,2014-02-27,648,623.0,0
MAC001389,Std,2012-05-17,2014-02-27,650,625.0,0
MAC001497,Std,2012-05-22,2014-02-27,647,622.0,0
MAC001628,Std,2012-05-28,2014-02-27,640,616.0,0
MAC001738,Std,2012-06-01,2014-02-27,634,611.0,0
MAC001810,Std,2012-06-06,2014-02-27,631,606.0,0
MAC001879,Std,2012-06-08,2014-02-03,604,576.0,0
MAC002080,Std,2012-06-17,2014-02-27,621,595.0,0
MAC002120,Std,2012-06-18,2014-02-27,620,600.0,0
MAC002196,Std,2012-06-23,2014-02-27,615,593.0,0
MAC002279,Std,2012-04-23,2014-02-27,672,647.0,0
MAC002315,Std,2012-04-24,2014-02-27,675,649.0,0
MAC002316,Std,2012-04-24,2014-02-27,674,644.0,0
MAC002681,Std,2012-05-04,2014-02-27,664,633.0,0
MAC002705,Std,2012-07-31,2014-02-27,576,554.0,0
MAC002706,Std,2012-05-05,2014-02-27,663,633.0,0
MAC002823,Std,2012-05-11,2014-02-27,658,633.0,0
MAC002988,Std,2012-07-04,2014-02-27,604,582.0,0
MAC003059,Std,2012-05-15,2014-02-27,651,627.0,0
MAC003060,Std,2012-05-15,2014-02-27,652,626.0,0
MAC003344,Std,2012-09-26,2014-02-27,520,498.0,0
MAC003397,Std,2012-09-28,2014-02-27,518,500.0,0
MAC003401,Std,2012-09-28,2014-02-27,518,499.0,0
MAC003610,Std,2012-10-11,2014-02-27,505,483.0,0
MAC003651,Std,2012-10-12,2014-02-27,504,485.0,0
MAC003724,Std,2012-10-17,2014-02-27,499,477.0,0
MAC003817,Std,2012-10-22,2014-02-27,494,477.0,0
MAC003868,Std,2012-10-25,2014-02-27,491,472.0,0
MAC003929,Std,2012-11-12,2014-02-27,473,454.0,0
MAC003953,Std,2012-07-05,2014-02-27,602,577.0,0
MAC004038,Std,2012-07-06,2014-02-27,602,578.0,0
MAC004131,Std,2012-05-19,2014-02-27,649,622.0,0
MAC004441,Std,2012-03-20,2014-02-27,709,682.0,0
MAC004608,Std,2012-07-11,2014-02-27,597,575.0,0
MAC004752,Std,2012-04-02,2014-02-27,697,670.0,0
MAC004816,Std,2012-04-05,2014-02-27,694,667.0,0
MAC004970,Std,2012-01-24,2014-02-27,766,734.0,0
MAC004985,Std,2012-01-26,2014-02-27,763,733.0,0
MAC004986,Std,2012-01-26,2014-02-27,764,735.0,0
MAC005047,Std,2012-02-01,2013-05-01,456,434.0,1
MAC005178,Std,2012-02-02,2014-02-27,757,730.0,0
MAC005288,Std,2012-02-13,2014-02-27,746,719.0,0
MAC005453,Std,2012-04-16,2014-02-27,682,655.0,0
MAC000751,ToU,2012-04-20,2014-02-27,677,647.0,0
MAC000828,ToU,2012-04-25,2014-02-27,674,646.0,0
MAC000895,ToU,2012-04-27,2014-02-27,671,643.0,0
MAC000946,ToU,2012-05-01,2013-09-29,517,499.0,1
MAC001303,ToU,2012-05-14,2014-02-27,655,630.0,0
MAC001861,ToU,2012-06-07,2014-02-27,629,603.0,0
MAC002126,ToU,2012-06-18,2014-02-27,619,596.0,0
MAC002678,ToU,2012-05-04,2014-02-27,665,642.0,0
MAC002864,ToU,2012-05-11,2014-02-27,655,626.0,0
MAC003425,ToU,2012-10-01,2014-02-27,514,491.0,0
MAC003476,ToU,2012-10-03,2014-02-27,513,494.0,0
MAC003643,ToU,2012-10-12,2014-02-27,504,479.0,0
MAC003783,ToU,2012-10-20,2014-02-27,496,479.0,0
MAC004126,ToU,2012-05-19,2014-02-27,647,623.0,0
MAC004323,ToU,2012-05-25,2013-08-15,447,431.0,1
MAC004832,ToU,2012-04-10,2014-02-27,688,656.0,0
MAC004837,ToU,2012-04-10,2014-02-27,689,660.0,0
MAC005159,ToU,2012-05-31,2014-02-27,637,615.0,0
MAC005279,ToU,2012-02-10,2014-02-27,749,723.0,0
MAC000024,Std,2011-12-07,2014-02-27,813,781.0,0
MAC000114,Std,2011-12-14,2013-01-29,413,396.0,1
MAC000268,Std,2011-12-05,2014-02-27,816,779.0,0
MAC000318,Std,2012-03-06,2014-02-27,724,694.0,0
MAC000345,Std,2012-03-09,2014-02-27,721,695.0,0
MAC000832,Std,2012-04-26,2014-02-27,673,647.0,0
MAC000904,Std,2012-04-27,2014-02-27,670,647.0,0
MAC000940,Std,2012-05-01,2014-02-27,646,623.0,0
MAC000978,Std,2012-05-02,2013-06-05,398,381.0,1
MAC001111,Std,2012-05-08,2014-02-27,658,632.0,0
MAC001229,Std,2012-05-14,2012-11-29,199,190.0,1
MAC001286,Std,2012-05-14,2014-02-27,654,629.0,0
MAC001309,Std,2012-05-15,2014-02-27,653,628.0,0
MAC001312,Std,2012-05-15,2014-02-27,653,627.0,0
MAC001347,Std,2012-05-17,2013-07-08,416,402.0,1
MAC001419,Std,2012-05-18,2013-09-09,477,460.0,1
MAC001523,Std,2012-05-22,2014-02-27,645,619.0,0
MAC001585,Std,2012-05-25,2014-02-27,643,610.0,0
MAC001832,Std,2012-06-07,2013-07-03,392,377.0,1
MAC001898,Std,2012-06-08,2014-02-27,629,604.0,0
MAC001941,Std,2012-06-11,2014-02-27,626,601.0,0
MAC002033,Std,2012-06-14,2014-02-27,623,602.0,0
MAC002105,Std,2012-06-16,2013-04-16,304,293.0,1
MAC002144,Std,2012-06-19,2014-02-27,619,596.0,0
MAC002195,Std,2012-06-23,2014-02-27,614,583.0,0
MAC002235,Std,2012-04-21,2014-02-27,677,650.0,0
MAC002273,Std,2012-04-23,2014-02-27,668,642.0,0
MAC002764,Std,2012-05-10,2014-02-27,658,627.0,0
MAC002832,Std,2012-05-11,2014-02-27,646,617.0,0
MAC002902,Std,2012-07-02,2014-02-27,606,583.0,0
MAC002962,Std,2012-07-03,2014-02-27,603,582.0,0
MAC003041,Std,2012-05-15,2014-02-27,644,617.0,0
MAC003255,Std,2012-09-19,2014-02-27,527,509.0,0
MAC003389,Std,2012-09-28,2014-02-27,518,500.0,0
MAC003392,Std,2012-09-28,2014-02-27,517,492.0,0
MAC003490,Std,2012-10-04,2014-02-27,512,493.0,0
MAC003628,Std,2012-10-11,2014-02-27,505,481.0,0
MAC003793,Std,2012-10-22,2014-02-27,494,476.0,0
MAC004277,Std,2012-05-24,2014-02-27,645,621.0,0
MAC004348,Std,2012-03-15,2014-02-27,715,684.0,0
MAC004487,Std,2011-12-19,2014-02-27,802,769.0,0
MAC004542,Std,2011-12-21,2014-02-27,800,765.0,0
MAC004571,Std,2011-12-23,2014-02-27,798,761.0,0
MAC004634,Std,2012-07-12,2014-02-27,595,573.0,0
MAC005088,Std,2012-05-30,2014-02-27,637,611.0,0
MAC005133,Std,2012-05-31,2014-02-27,637,612.0,0
MAC005296,Std,2012-02-14,2014-02-27,743,717.0,0
MAC005414,Std,2012-02-28,2014-02-27,731,703.0,0
MAC005437,Std,2012-04-16,2014-02-27,683,660.0,0
MAC005469,Std,2012-04-16,2014-02-27,683,655.0,0
MAC001383,ToU,2012-05-17,2014-02-27,649,622.0,0
MAC001542,ToU,2012-05-22,2014-02-27,645,618.0,0
MAC001547,ToU,2012-05-22,2014-02-27,645,613.0,0
MAC001712,ToU,2012-06-01,2013-05-02,335,324.0,1
MAC004231,ToU,2012-05-23,2014-02-27,645,620.0,0
MAC004439,ToU,2012-03-20,2014-02-27,710,681.0,0
MAC002212,Std,2012-06-27,2014-02-27,611,590.0,0
MAC003742,Std,2012-10-18,2014-02-27,498,474.0,0
MAC001278,Std,2012-05-14,2012-05-24,11,8.0,1
MAC004497,ToU,2011-12-19,2014-02-27,802,774.0,0
MAC004949,ToU,2012-01-21,2013-09-03,592,570.0,1
MAC005057,ToU,2012-05-29,2013-05-27,363,350.0,1
MAC005102,ToU,2012-05-30,2014-02-27,638,614.0,0
MAC005184,ToU,2012-02-02,2014-02-27,757,730.0,0
MAC005465,ToU,2012-04-16,2014-02-27,680,654.0,0
MAC000058,Std,2011-12-09,2014-02-27,811,778.0,0
MAC000089,Std,2011-12-12,2014-02-27,809,778.0,0
MAC000122,Std,2011-12-15,2014-02-27,806,768.0,0
MAC000167,Std,2011-11-24,2014-02-27,827,791.0,0
MAC000237,Std,2011-12-03,2014-02-27,775,739.0,0
MAC000283,Std,2012-03-01,2014-02-27,729,701.0,0
MAC000349,Std,2012-03-09,2014-02-27,721,696.0,0
MAC000350,Std,2012-03-09,2014-02-27,721,695.0,0
MAC000498,Std,2012-03-26,2014-02-27,704,678.0,0
MAC000663,Std,2012-04-14,2014-02-27,684,660.0,0
MAC000703,Std,2012-04-19,2014-02-27,678,650.0,0
MAC000790,Std,2012-04-20,2014-02-27,677,648.0,0
MAC000954,Std,2012-05-01,2014-02-27,667,639.0,0
MAC001121,Std,2012-05-08,2014-02-27,659,632.0,0
MAC001158,Std,2012-05-09,2013-06-10,398,380.0,1
MAC001194,Std,2012-05-11,2014-02-27,658,634.0,0
MAC001234,Std,2012-05-14,2014-02-27,652,623.0,0
MAC001283,Std,2012-05-14,2014-02-27,653,630.0,0
MAC001385,Std,2012-05-17,2014-02-27,651,625.0,0
MAC001444,Std,2012-05-18,2014-02-27,648,620.0,0
MAC001544,Std,2012-05-22,2014-02-27,647,617.0,0
MAC001589,Std,2012-05-25,2014-02-27,642,616.0,0
MAC001619,Std,2012-05-26,2014-02-27,642,616.0,0
MAC001621,Std,2012-05-26,2014-02-27,642,619.0,0
MAC001654,Std,2012-05-28,2013-06-05,374,360.0,1
MAC001744,Std,2012-06-02,2014-02-27,636,612.0,0
MAC001911,Std,2012-06-09,2014-02-27,626,601.0,0
MAC002004,Std,2012-06-12,2013-08-21,435,415.0,1
MAC002053,Std,2012-06-15,2014-02-27,622,598.0,0
MAC002094,Std,2012-06-17,2014-02-27,621,596.0,0
MAC002485,Std,2012-07-07,2014-02-27,601,578.0,0
MAC002521,Std,2012-07-09,2014-02-27,599,575.0,0
MAC002563,Std,2012-07-09,2014-02-27,599,577.0,0
MAC002703,Std,2012-05-05,2014-02-27,663,637.0,0
MAC002740,Std,2012-05-08,2014-02-27,659,628.0,0
MAC002745,Std,2012-05-09,2014-02-27,657,633.0,0
MAC002820,Std,2012-05-11,2014-02-27,655,629.0,0
MAC002981,Std,2012-07-03,2014-02-27,605,582.0,0
MAC003008,Std,2012-05-15,2014-02-27,653,629.0,0
MAC003048,Std,2012-05-15,2014-02-27,654,630.0,0
MAC003050,Std,2012-05-15,2014-02-27,654,626.0,0
MAC003113,Std,2012-05-16,2014-02-27,648,621.0,0
MAC003168,Std,2012-08-17,2014-02-27,560,529.0,0
MAC003284,Std,2012-09-21,2014-02-27,525,505.0,0
MAC003362,Std,2012-09-27,2014-02-27,519,497.0,0
MAC003448,Std,2012-10-02,2014-02-27,513,491.0,0
MAC003589,Std,2012-10-10,2014-02-27,505,483.0,0
MAC003590,Std,2012-10-10,2014-02-27,504,477.0,0
MAC003696,Std,2012-11-06,2014-02-27,479,461.0,0
MAC003735,Std,2012-10-18,2014-02-27,498,479.0,0
MAC003785,Std,2012-10-22,2014-02-27,494,476.0,0
MAC003786,Std,2012-10-22,2014-02-27,494,473.0,0
MAC003790,Std,2012-10-22,2014-02-27,494,474.0,0
MAC003900,Std,2012-10-26,2014-02-27,489,471.0,0
MAC003937,Std,2012-07-05,2014-02-27,601,576.0,0
MAC003940,Std,2012-07-05,2014-02-27,603,582.0,0
MAC003992,Std,2012-07-06,2014-02-27,602,579.0,0
MAC004123,Std,2012-05-19,2014-02-27,650,622.0,0
MAC004253,Std,2012-05-23,2014-02-27,646,622.0,0
MAC004325,Std,2012-03-14,2014-02-27,716,681.0,0
MAC004360,Std,2012-03-15,2014-02-27,715,685.0,0
MAC004429,Std,2012-03-20,2014-02-27,710,681.0,0
MAC004455,Std,2011-12-16,2014-02-27,805,776.0,0
MAC004508,Std,2011-12-20,2014-02-27,801,771.0,0
MAC004538,Std,2011-12-21,2013-07-02,560,531.0,1
MAC004591,Std,2012-07-11,2014-02-27,597,575.0,0
MAC004943,Std,2012-01-21,2014-02-27,769,734.0,0
MAC005107,Std,2012-05-30,2014-02-27,636,612.0,0
MAC005293,Std,2012-02-13,2014-02-27,746,720.0,0
MAC005312,Std,2012-02-15,2014-01-07,693,668.0,0
MAC005388,Std,2012-02-24,2014-02-27,735,705.0,0
MAC005405,Std,2012-02-27,2014-02-27,732,705.0,0
MAC005406,Std,2012-02-27,2014-02-27,732,704.0,0
MAC005441,Std,2012-04-16,2014-02-27,681,655.0,0
MAC005466,Std,2012-04-16,2014-02-27,682,656.0,0
MAC000173,ToU,2011-11-25,2014-02-27,826,789.0,0
MAC000193,ToU,2011-11-28,2014-02-27,823,794.0,0
MAC000688,ToU,2012-04-18,2014-02-27,680,648.0,0
MAC000709,ToU,2012-04-19,2014-02-27,680,653.0,0
MAC000943,ToU,2012-05-01,2014-02-27,665,638.0,0
MAC001102,ToU,2012-05-08,2014-02-27,661,635.0,0
MAC001925,ToU,2012-06-09,2014-02-04,606,584.0,0
MAC002030,ToU,2012-06-15,2014-02-27,623,598.0,0
MAC002634,ToU,2012-05-03,2013-04-29,361,346.0,1
MAC002722,ToU,2012-05-08,2014-02-27,661,634.0,0
MAC002826,ToU,2012-05-11,2014-02-27,655,626.0,0
MAC003180,ToU,2012-09-13,2014-02-27,533,512.0,0
MAC003185,ToU,2012-09-13,2014-02-27,533,513.0,0
MAC003550,ToU,2012-10-08,2014-02-27,507,485.0,0
MAC003555,ToU,2012-10-08,2014-02-27,508,489.0,0
MAC004765,ToU,2012-04-03,2014-02-27,695,667.0,0
MAC004932,ToU,2012-01-20,2014-02-27,770,745.0,0
MAC004937,ToU,2012-01-20,2014-02-27,770,742.0,0
MAC005150,ToU,2012-05-31,2014-02-27,636,607.0,0
MAC005352,ToU,2012-02-22,2014-02-27,737,702.0,0
MAC000027,Std,2011-12-07,2014-02-27,814,784.0,0
MAC000063,Std,2011-12-09,2013-09-23,655,630.0,1
MAC000112,Std,2011-12-14,2014-02-27,807,778.0,0
MAC000162,Std,2011-11-24,2014-02-27,827,798.0,0
MAC000305,Std,2012-03-05,2014-02-27,725,699.0,0
MAC000361,Std,2012-03-10,2014-02-27,718,690.0,0
MAC000532,Std,2012-03-28,2014-02-27,700,669.0,0
MAC000559,Std,2012-04-11,2014-02-27,685,658.0,0
MAC000604,Std,2012-04-12,2014-02-27,685,661.0,0
MAC000679,Std,2012-04-18,2014-02-27,681,657.0,0
MAC000758,Std,2012-04-20,2013-11-14,573,550.0,1
MAC000949,Std,2012-05-01,2014-02-27,668,639.0,0
MAC001006,Std,2012-05-02,2014-02-27,664,641.0,0
MAC001068,Std,2012-05-08,2014-02-27,658,634.0,0
MAC001173,Std,2012-05-09,2014-02-27,657,628.0,0
MAC001201,Std,2012-05-11,2013-02-26,291,280.0,1
MAC001265,Std,2012-05-14,2014-01-31,628,605.0,0
MAC001266,Std,2012-05-14,2014-02-27,655,631.0,0
MAC001380,Std,2012-05-17,2014-02-27,651,628.0,0
MAC001451,Std,2012-05-21,2014-02-27,646,622.0,0
MAC001532,Std,2012-05-22,2014-02-27,647,622.0,0
MAC001575,Std,2012-05-25,2014-02-27,643,619.0,0
MAC001613,Std,2012-05-25,2014-02-27,644,614.0,0
MAC001758,Std,2012-06-02,2014-02-27,636,614.0,0
MAC001891,Std,2012-06-08,2014-02-27,627,601.0,0
MAC001926,Std,2012-06-09,2014-02-27,627,604.0,0
MAC001987,Std,2012-06-12,2013-07-22,406,390.0,1
MAC002021,Std,2012-06-14,2014-02-27,623,597.0,0
MAC002065,Std,2012-06-15,2014-02-27,622,598.0,0
MAC002066,Std,2012-06-15,2014-02-27,623,601.0,0
MAC002177,Std,2012-06-22,2014-02-27,613,590.0,0
MAC002214,Std,2012-06-28,2014-02-27,606,584.0,0
MAC002461,Std,2012-04-30,2014-02-27,667,642.0,0
MAC002619,Std,2012-05-03,2014-02-27,665,641.0,0
MAC002651,Std,2012-05-04,2014-02-27,662,636.0,0
MAC002767,Std,2012-05-10,2013-09-17,495,474.0,1
MAC002807,Std,2012-05-10,2014-02-27,656,630.0,0
MAC002810,Std,2012-05-10,2014-02-27,655,631.0,0
MAC002904,Std,2012-07-02,2014-02-27,604,579.0,0
MAC003063,Std,2012-05-15,2014-02-27,654,629.0,0
MAC003232,Std,2012-09-17,2014-02-27,529,505.0,0
MAC003423,Std,2012-10-01,2014-02-27,513,488.0,0
MAC003493,Std,2012-12-15,2014-02-27,440,423.0,0
MAC003583,Std,2012-10-09,2014-02-27,507,486.0,0
MAC003621,Std,2012-10-11,2014-02-27,504,484.0,0
MAC003806,Std,2012-10-22,2014-02-27,494,472.0,0
MAC003841,Std,2012-10-23,2014-02-27,493,474.0,0
MAC003932,Std,2012-11-17,2014-02-27,467,447.0,0
MAC004212,Std,2012-05-23,2014-02-27,643,619.0,0
MAC004259,Std,2012-05-24,2014-02-27,643,618.0,0
MAC004297,Std,2012-05-24,2014-02-27,643,618.0,0
MAC004423,Std,2012-03-19,2014-02-27,709,680.0,0
MAC004580,Std,2011-12-28,2013-02-11,412,397.0,1
MAC004684,Std,2012-07-13,2014-02-27,593,570.0,0
MAC004785,Std,2012-04-04,2014-02-27,693,666.0,0
MAC004786,Std,2012-04-04,2014-02-27,693,665.0,0
MAC004888,Std,2012-01-12,2013-04-03,448,428.0,1
MAC004891,Std,2012-01-13,2014-02-27,777,746.0,0
MAC005002,Std,2012-01-27,2014-02-27,763,734.0,0
MAC005044,Std,2012-02-01,2014-02-27,758,730.0,0
MAC005061,Std,2012-05-29,2013-03-26,301,288.0,1
MAC005115,Std,2012-05-31,2014-02-27,612,589.0,0
MAC005116,Std,2012-05-31,2014-02-27,636,611.0,0
MAC005141,Std,2012-05-31,2014-02-27,637,614.0,0
MAC005168,Std,2012-06-01,2014-02-27,637,612.0,0
MAC005210,Std,2012-02-03,2014-02-27,756,728.0,0
MAC005357,Std,2012-02-22,2014-02-27,737,710.0,0
MAC005412,Std,2012-02-28,2014-02-27,731,706.0,0
MAC005450,Std,2012-04-16,2014-02-27,680,656.0,0
MAC005499,Std,2012-04-17,2014-02-27,681,657.0,0
MAC005532,Std,2012-04-17,2014-02-27,679,655.0,0
MAC000478,ToU,2012-03-23,2014-02-27,707,682.0,0
MAC000487,ToU,2012-03-23,2014-02-27,707,679.0,0
MAC000584,ToU,2012-04-12,2014-02-27,686,659.0,0
MAC000673,ToU,2012-04-18,2014-02-27,679,651.0,0
MAC001142,ToU,2012-05-09,2014-02-27,657,631.0,0
MAC001508,ToU,2012-05-22,2014-02-27,644,621.0,0
MAC001904,ToU,2012-06-08,2014-02-27,629,606.0,0
MAC002083,ToU,2012-06-15,2014-02-27,623,597.0,0
MAC003037,ToU,2012-05-15,2014-02-27,652,627.0,0
MAC003347,ToU,2012-09-26,2013-03-06,162,154.0,1
MAC003483,ToU,2012-10-03,2014-02-27,513,493.0,0
MAC003489,ToU,2012-10-04,2014-02-27,511,490.0,0
MAC003503,ToU,2012-10-04,2014-02-27,510,490.0,0
MAC003695,ToU,2012-10-16,2014-02-27,500,480.0,0
MAC003703,ToU,2012-10-17,2013-12-02,412,394.0,0
MAC004448,ToU,2012-03-20,2014-02-27,710,684.0,0
MAC004822,ToU,2012-04-05,2014-02-27,694,666.0,0
MAC004827,ToU,2012-04-05,2014-02-27,694,665.0,0
MAC005434,ToU,2012-04-14,2014-02-27,685,659.0,0
MAC000035,Std,2011-12-07,2014-02-27,813,782.0,0
MAC000036,Std,2011-12-07,2014-02-27,814,782.0,0
MAC000041,Std,2011-12-08,2014-02-27,813,771.0,0
MAC000083,Std,2011-12-10,2014-02-27,811,780.0,0
MAC000179,Std,2011-11-26,2014-02-27,825,795.0,0
MAC000181,Std,2011-11-26,2014-02-27,825,794.0,0
MAC000244,Std,2011-12-02,2014-02-27,819,786.0,0
MAC000311,Std,2012-03-06,2014-02-27,721,694.0,0
MAC000337,Std,2012-03-08,2014-02-27,722,691.0,0
MAC000373,Std,2012-03-12,2014-02-27,718,693.0,0
MAC000428,Std,2012-03-21,2014-02-27,709,682.0,0
MAC000504,Std,2012-03-26,2014-02-27,704,676.0,0
MAC000542,Std,2012-04-10,2014-02-27,689,664.0,0
MAC000571,Std,2012-04-12,2014-02-27,686,660.0,0
MAC000713,Std,2012-04-19,2014-02-27,679,651.0,0
MAC000749,Std,2012-04-20,2014-02-27,679,656.0,0
MAC000930,Std,2012-05-01,2014-02-27,666,641.0,0
MAC001220,Std,2012-05-12,2014-02-27,657,632.0,0
MAC001397,Std,2012-05-17,2014-02-27,651,621.0,0
MAC001731,Std,2012-06-01,2014-02-27,634,607.0,0
MAC001868,Std,2012-06-08,2014-02-27,626,597.0,0
MAC001870,Std,2012-06-08,2013-01-31,237,228.0,1
MAC001962,Std,2012-06-11,2014-02-27,627,599.0,0
MAC002074,Std,2012-06-16,2014-02-27,622,598.0,0
MAC002270,Std,2012-04-23,2014-02-27,676,648.0,0
MAC002302,Std,2012-04-24,2014-02-27,673,650.0,0
MAC002415,Std,2012-04-30,2014-02-27,667,641.0,0
MAC002416,Std,2012-04-30,2014-02-27,669,643.0,0
MAC002456,Std,2012-04-30,2014-02-27,668,643.0,0
MAC002782,Std,2012-05-10,2014-02-27,659,633.0,0
MAC002862,Std,2012-05-11,2014-02-27,658,634.0,0
MAC003290,Std,2012-09-24,2014-02-27,522,503.0,0
MAC003323,Std,2012-09-24,2014-02-27,520,502.0,0
MAC003640,Std,2012-10-12,2014-02-27,504,482.0,0
MAC003678,Std,2012-10-15,2014-02-27,500,480.0,0
MAC003772,Std,2012-10-19,2014-02-27,497,478.0,0
MAC003821,Std,2012-10-23,2013-12-08,412,397.0,0
MAC003920,Std,2012-10-26,2014-02-27,489,470.0,0
MAC003925,Std,2012-11-08,2014-02-27,477,456.0,0
MAC003965,Std,2012-07-06,2014-02-27,602,579.0,0
MAC003966,Std,2012-07-06,2014-02-27,602,580.0,0
MAC004028,Std,2012-07-06,2014-02-27,599,577.0,0
MAC004151,Std,2012-05-21,2014-02-27,648,623.0,0
MAC004316,Std,2012-05-25,2014-02-27,639,612.0,0
MAC004365,Std,2012-03-16,2014-02-27,710,685.0,0
MAC004398,Std,2012-03-19,2014-02-27,711,681.0,0
MAC004430,Std,2012-03-20,2014-02-27,710,685.0,0
MAC004492,Std,2011-12-19,2014-02-27,802,773.0,0
MAC004637,Std,2012-07-12,2014-02-27,596,572.0,0
MAC004766,Std,2012-04-03,2014-02-27,695,667.0,0
MAC004805,Std,2012-04-05,2014-02-27,693,659.0,0
MAC004806,Std,2012-04-05,2014-02-27,693,665.0,0
MAC004973,Std,2012-07-09,2014-02-27,599,578.0,0
MAC005215,Std,2012-02-04,2013-04-24,446,424.0,1
MAC005344,Std,2012-02-21,2014-01-31,711,683.0,0
MAC005548,Std,2012-04-19,2014-02-27,680,656.0,0
MAC005552,Std,2012-04-18,2014-02-27,680,656.0,0
MAC000819,ToU,2012-04-25,2014-02-27,672,647.0,0
MAC000821,ToU,2012-04-25,2014-02-27,671,646.0,0
MAC000994,ToU,2012-05-02,2014-02-27,665,640.0,0
MAC001118,ToU,2012-05-08,2014-02-27,659,635.0,0
MAC001410,ToU,2012-05-18,2014-02-27,651,627.0,0
MAC001680,ToU,2012-05-29,2014-02-27,636,614.0,0
MAC001686,ToU,2012-05-29,2014-02-27,639,611.0,0
MAC001778,ToU,2012-06-06,2014-02-27,630,605.0,0
MAC002472,ToU,2012-05-01,2014-02-27,667,640.0,0
MAC003247,ToU,2012-09-18,2014-02-27,528,509.0,0
MAC003259,ToU,2012-09-19,2014-02-27,526,506.0,0
MAC003736,ToU,2012-10-18,2014-02-27,498,475.0,0
MAC003960,ToU,2012-07-06,2014-02-27,602,580.0,0
MAC004640,ToU,2012-07-12,2014-02-27,594,570.0,0
MAC005281,ToU,2012-02-10,2013-03-26,411,395.0,1
MAC005557,ToU,2012-09-28,2014-02-27,518,497.0,0
MAC000011,Std,2012-10-22,2014-02-27,494,474.0,0
MAC000101,Std,2011-12-12,2014-02-27,809,780.0,0
MAC000252,Std,2011-12-03,2014-02-27,817,771.0,0
MAC000289,Std,2012-03-02,2014-02-27,728,700.0,0
MAC000412,Std,2012-03-21,2014-02-27,708,681.0,0
MAC000520,Std,2012-03-27,2014-02-27,703,678.0,0
MAC000553,Std,2012-04-11,2014-02-27,688,657.0,0
MAC000669,Std,2012-04-18,2014-02-27,679,650.0,0
MAC001018,Std,2012-05-02,2014-02-27,664,636.0,0
MAC001163,Std,2012-05-09,2014-02-27,658,626.0,0
MAC001271,Std,2012-05-14,2014-02-27,653,629.0,0
MAC001314,Std,2012-05-15,2014-02-27,648,620.0,0
MAC001350,Std,2012-05-17,2013-11-25,558,538.0,1
MAC001520,Std,2012-05-22,2014-02-27,645,621.0,0
MAC001555,Std,2012-05-22,2014-02-27,646,621.0,0
MAC001598,Std,2012-05-25,2014-02-27,642,617.0,0
MAC001641,Std,2012-05-28,2014-02-27,639,613.0,0
MAC001714,Std,2012-06-01,2014-02-27,635,612.0,0
MAC001824,Std,2012-06-07,2014-01-07,578,555.0,0
MAC001859,Std,2012-06-07,2014-02-27,628,602.0,0
MAC002109,Std,2012-06-17,2014-02-27,620,597.0,0
MAC002181,Std,2012-06-22,2014-02-27,616,592.0,0
MAC002239,Std,2012-04-21,2014-02-27,675,650.0,0
MAC002348,Std,2012-04-25,2014-02-27,674,651.0,0
MAC002450,Std,2012-04-30,2014-02-27,666,639.0,0
MAC002569,Std,2012-07-10,2014-02-27,597,576.0,0
MAC002571,Std,2012-07-10,2014-02-27,598,576.0,0
MAC002787,Std,2012-05-10,2014-02-27,657,629.0,0
MAC002825,Std,2012-05-11,2014-02-27,645,621.0,0
MAC003073,Std,2012-05-15,2014-02-27,654,629.0,0
MAC003131,Std,2012-05-16,2014-02-27,652,628.0,0
MAC003204,Std,2012-09-14,2014-02-27,527,506.0,0
MAC003242,Std,2012-09-18,2014-02-27,528,510.0,0
MAC003295,Std,2012-09-24,2014-02-27,522,500.0,0
MAC003296,Std,2012-09-24,2014-02-27,522,501.0,0
MAC003342,Std,2012-09-26,2014-02-27,520,495.0,0
MAC003386,Std,2012-09-28,2014-02-27,518,500.0,0
MAC003473,Std,2012-10-03,2014-02-27,513,493.0,0
MAC003479,Std,2012-10-03,2013-12-04,428,410.0,0
MAC003556,Std,2012-10-08,2014-02-27,508,489.0,0
MAC003667,Std,2012-10-15,2014-02-27,501,483.0,0
MAC003727,Std,2012-10-18,2014-02-27,497,474.0,0
MAC003730,Std,2012-10-18,2014-02-27,498,476.0,0
MAC003777,Std,2012-10-19,2014-01-07,446,429.0,0
MAC003780,Std,2012-10-19,2014-02-27,497,478.0,0
MAC003884,Std,2012-10-25,2014-02-27,491,474.0,0
MAC004138,Std,2012-05-21,2014-02-27,648,621.0,0
MAC004168,Std,2012-05-21,2014-02-27,646,624.0,0
MAC004274,Std,2012-05-24,2014-02-27,645,622.0,0
MAC004341,Std,2012-03-15,2014-02-27,715,687.0,0
MAC004416,Std,2012-03-19,2014-02-27,711,685.0,0
MAC004524,Std,2011-12-20,2014-02-27,801,773.0,0
MAC004743,Std,2012-04-02,2014-02-27,696,669.0,0
MAC004780,Std,2012-04-04,2014-02-27,694,666.0,0
MAC004873,Std,2012-01-03,2013-11-18,686,637.0,1
MAC004989,Std,2012-01-26,2014-02-27,764,735.0,0
MAC004992,Std,2012-01-27,2014-02-27,763,737.0,0
MAC005007,Std,2012-01-28,2014-02-27,762,733.0,0
MAC005202,Std,2012-02-03,2013-11-22,659,637.0,1
MAC005269,Std,2012-02-10,2014-02-27,747,713.0,0
MAC005270,Std,2012-02-10,2014-02-27,749,720.0,0
MAC005275,Std,2012-02-10,2014-02-27,749,722.0,0
MAC005276,Std,2012-02-10,2014-02-27,749,723.0,0
MAC005299,Std,2012-02-14,2014-02-27,745,716.0,0
MAC005317,Std,2012-02-16,2014-02-27,743,717.0,0
MAC005336,Std,2012-02-20,2014-02-27,739,714.0,0
MAC005417,Std,2012-02-29,2014-01-17,689,664.0,0
MAC005460,Std,2012-04-16,2014-02-27,681,655.0,0
MAC005493,Std,2012-04-17,2014-02-27,679,654.0,0
MAC000158,ToU,2011-11-24,2014-02-27,827,791.0,0
MAC000292,ToU,2012-03-02,2014-02-27,728,700.0,0
MAC000719,ToU,2012-04-19,2014-02-27,680,647.0,0
MAC000722,ToU,2012-04-19,2014-02-27,679,656.0,0
MAC000834,ToU,2012-04-26,2014-02-27,672,644.0,0
MAC000841,ToU,2012-04-26,2014-02-27,670,645.0,0
MAC000982,ToU,2012-05-02,2014-02-27,664,637.0,0
MAC001107,ToU,2012-05-08,2014-02-27,659,632.0,0
MAC002193,ToU,2012-06-23,2014-02-27,615,592.0,0
MAC002199,ToU,2012-06-25,2014-02-27,613,590.0,0
MAC002404,ToU,2012-04-30,2014-02-27,667,641.0,0
MAC003331,ToU,2012-09-25,2014-02-27,521,500.0,0
MAC004031,ToU,2012-07-06,2013-04-16,285,274.0,1
MAC004366,ToU,2012-03-16,2014-02-27,714,687.0,0
MAC004456,ToU,2011-12-16,2014-02-27,805,777.0,0
MAC004968,ToU,2012-01-24,2013-08-28,583,557.0,1
MAC005110,ToU,2012-05-30,2014-02-27,639,616.0,0
MAC005171,ToU,2012-06-01,2013-07-12,404,385.0,1
MAC005207,ToU,2012-02-03,2014-02-27,756,726.0,0
MAC000022,Std,2011-12-07,2014-02-27,814,782.0,0
MAC000091,Std,2011-12-12,2014-02-27,809,777.0,0
MAC000222,Std,2011-12-01,2014-02-27,820,783.0,0
MAC000306,Std,2012-03-05,2014-02-27,725,698.0,0
MAC000355,Std,2012-03-10,2014-02-27,720,694.0,0
MAC000388,Std,2012-03-13,2014-02-27,716,691.0,0
MAC000518,Std,2012-03-27,2014-02-27,703,677.0,0
MAC000547,Std,2012-04-10,2014-02-27,689,663.0,0
MAC000594,Std,2012-04-12,2014-02-27,685,658.0,0
MAC000698,Std,2012-04-18,2014-02-27,681,655.0,0
MAC000743,Std,2012-04-19,2014-02-27,678,651.0,0
MAC000813,Std,2012-04-25,2013-07-27,458,441.0,1
MAC000893,Std,2012-04-27,2014-02-27,672,642.0,0
MAC000915,Std,2012-04-27,2014-02-27,671,646.0,0
MAC000916,Std,2012-04-27,2014-02-27,671,645.0,0
MAC001000,Std,2012-05-02,2014-02-27,666,643.0,0
MAC001214,Std,2012-05-12,2014-02-27,655,631.0,0
MAC001306,Std,2012-05-14,2014-02-27,653,626.0,0
MAC001370,Std,2012-05-17,2014-02-27,651,626.0,0
MAC001415,Std,2012-05-18,2014-02-27,651,629.0,0
MAC001416,Std,2012-05-18,2014-02-27,651,625.0,0
MAC001474,Std,2012-05-21,2014-02-27,646,616.0,0
MAC001537,Std,2012-05-22,2013-09-25,489,469.0,1
MAC001791,Std,2012-06-06,2013-07-03,392,375.0,1
MAC001819,Std,2012-06-07,2014-02-27,628,606.0,0
MAC001920,Std,2012-06-09,2014-02-27,628,603.0,0
MAC002042,Std,2012-06-13,2014-02-27,622,597.0,0
MAC002047,Std,2012-06-15,2014-02-27,622,599.0,0
MAC002089,Std,2012-06-16,2014-02-27,622,567.0,0
MAC002129,Std,2012-06-18,2014-02-27,620,597.0,0
MAC002172,Std,2012-06-21,2014-02-27,617,593.0,0
MAC002224,Std,2012-06-30,2014-02-27,607,583.0,0
MAC002261,Std,2012-04-23,2014-02-27,676,652.0,0
MAC002313,Std,2012-04-24,2013-02-26,306,291.0,1
MAC002492,Std,2012-07-07,2014-02-27,601,580.0,0
MAC002531,Std,2012-07-09,2014-02-27,599,573.0,0
MAC002727,Std,2012-05-08,2014-02-27,632,608.0,0
MAC002815,Std,2012-05-11,2013-05-16,371,354.0,1
MAC002816,Std,2012-05-11,2014-02-27,656,631.0,0
MAC002975,Std,2012-07-03,2014-02-27,604,578.0,0
MAC002976,Std,2012-07-03,2013-01-08,190,183.0,1
MAC003056,Std,2012-05-15,2014-02-27,652,626.0,0
MAC003148,Std,2012-07-14,2014-02-27,593,567.0,0
MAC003225,Std,2012-09-17,2014-02-27,528,505.0,0
MAC003226,Std,2012-09-17,2014-02-27,529,504.0,0
MAC003367,Std,2012-09-27,2014-02-27,519,498.0,0
MAC003408,Std,2012-10-01,2014-02-27,513,494.0,0
MAC003499,Std,2012-10-04,2014-02-27,511,492.0,0
MAC003595,Std,2012-10-10,2014-02-27,505,483.0,0
MAC003596,Std,2012-10-10,2014-02-27,506,485.0,0
MAC003690,Std,2012-10-16,2014-02-27,500,482.0,0
MAC003805,Std,2012-10-22,2014-02-27,494,476.0,0
MAC003945,Std,2012-07-05,2014-02-27,602,579.0,0
MAC004267,Std,2012-05-24,2014-02-27,645,617.0,0
MAC004292,Std,2012-05-24,2014-02-27,642,612.0,0
MAC004415,Std,2012-03-19,2014-02-27,709,683.0,0
MAC004435,Std,2012-03-20,2013-03-26,372,358.0,1
MAC004478,Std,2011-12-19,2014-02-27,802,772.0,0
MAC004554,Std,2011-12-22,2014-02-27,799,765.0,0
MAC004601,Std,2012-07-11,2014-02-27,597,571.0,0
MAC004671,Std,2012-07-12,2014-02-27,595,571.0,0
MAC004718,Std,2012-03-29,2014-02-27,700,674.0,0
MAC004813,Std,2012-04-05,2014-02-27,694,668.0,0
MAC004834,Std,2012-04-10,2014-02-27,689,663.0,0
MAC004879,Std,2012-01-06,2014-02-27,784,756.0,0
MAC004914,Std,2012-01-19,2014-02-27,771,745.0,0
MAC005021,Std,2012-01-30,2014-02-27,760,734.0,0
MAC005052,Std,2012-05-29,2014-02-27,639,613.0,0
MAC005155,Std,2012-05-31,2014-02-27,636,609.0,0
MAC005156,Std,2012-05-31,2014-02-27,636,611.0,0
MAC005231,Std,2012-02-06,2014-02-27,753,726.0,0
MAC005428,Std,2012-04-14,2014-01-07,634,609.0,0
MAC001169,ToU,2012-05-09,2014-02-27,658,629.0,0
MAC001179,ToU,2012-05-09,2014-02-27,659,633.0,0
MAC001556,ToU,2012-05-22,2014-02-27,647,622.0,0
MAC002147,ToU,2012-06-19,2014-02-27,619,595.0,0
MAC002455,ToU,2012-04-30,2014-02-27,668,644.0,0
MAC002894,ToU,2012-07-02,2014-02-27,604,582.0,0
MAC002970,ToU,2012-07-03,2014-02-27,605,578.0,0
MAC003467,ToU,2012-10-03,2014-02-27,513,492.0,0
MAC003531,ToU,2012-10-08,2014-02-27,508,490.0,0
MAC003722,ToU,2012-10-17,2014-02-27,498,479.0,0
MAC000069,Std,2011-12-09,2014-02-27,812,781.0,0
MAC000117,Std,2011-12-14,2014-02-27,807,779.0,0
MAC000227,Std,2011-12-01,2014-02-27,820,785.0,0
MAC000297,Std,2012-03-02,2014-02-27,728,702.0,0
MAC000300,Std,2012-03-03,2014-02-27,727,700.0,0
MAC000356,Std,2012-03-10,2013-02-17,345,331.0,1
MAC000394,Std,2012-03-13,2014-02-27,717,686.0,0
MAC000482,Std,2012-03-23,2014-02-27,707,676.0,0
MAC000727,Std,2012-04-19,2014-02-27,679,653.0,0
MAC000795,Std,2012-04-25,2014-02-27,672,644.0,0
MAC000796,Std,2012-04-25,2014-02-27,672,643.0,0
MAC000907,Std,2012-04-27,2014-02-27,670,643.0,0
MAC000987,Std,2012-05-02,2014-02-27,664,640.0,0
MAC001225,Std,2012-05-14,2014-02-27,653,628.0,0
MAC001226,Std,2012-05-14,2014-02-27,652,626.0,0
MAC001260,Std,2012-05-14,2014-02-27,654,626.0,0
MAC001289,Std,2012-05-14,2014-02-27,654,628.0,0
MAC001292,Std,2012-05-14,2014-02-27,653,627.0,0
MAC001355,Std,2012-05-17,2014-02-27,651,626.0,0
MAC001356,Std,2012-05-17,2014-02-27,652,629.0,0
MAC001408,Std,2012-05-18,2014-02-27,648,623.0,0
MAC001481,Std,2012-05-22,2014-02-27,645,618.0,0
MAC001563,Std,2012-05-22,2014-02-27,645,620.0,0
MAC001813,Std,2012-06-06,2014-02-27,630,607.0,0
MAC001934,Std,2012-06-11,2014-02-27,623,597.0,0
MAC001967,Std,2012-06-11,2014-02-27,626,599.0,0
MAC002123,Std,2012-06-18,2014-02-27,620,596.0,0
MAC002233,Std,2012-04-21,2014-02-27,675,652.0,0
MAC002284,Std,2012-04-23,2014-02-27,674,647.0,0
MAC002307,Std,2012-04-24,2014-02-27,672,645.0,0
MAC002397,Std,2012-04-30,2014-01-07,616,592.0,0
MAC002477,Std,2012-05-01,2014-02-27,664,639.0,0
MAC002517,Std,2012-07-09,2014-02-27,597,576.0,0
MAC002557,Std,2012-07-09,2014-02-27,593,569.0,0
MAC002648,Std,2012-08-03,2014-02-27,573,553.0,0
MAC002671,Std,2012-05-04,2014-02-27,663,634.0,0
MAC002709,Std,2012-05-05,2014-02-27,661,636.0,0
MAC002714,Std,2012-05-08,2014-02-27,659,634.0,0
MAC002802,Std,2012-05-10,2014-02-27,657,628.0,0
MAC002841,Std,2012-05-11,2014-02-27,656,631.0,0
MAC002924,Std,2012-07-02,2014-02-27,604,580.0,0
MAC003032,Std,2012-05-15,2014-02-27,654,629.0,0
MAC003186,Std,2012-09-13,2014-02-27,532,505.0,0
MAC003237,Std,2012-09-18,2014-02-27,528,510.0,0
MAC003329,Std,2012-09-25,2014-02-27,521,501.0,0
MAC003378,Std,2012-09-27,2014-02-27,519,501.0,0
MAC003380,Std,2012-09-27,2014-02-27,519,498.0,0
MAC003564,Std,2012-10-09,2014-02-27,507,487.0,0
MAC003613,Std,2012-10-11,2014-02-27,505,483.0,0
MAC003645,Std,2012-10-12,2014-02-27,501,482.0,0
MAC003646,Std,2012-10-12,2014-02-27,504,485.0,0
MAC003709,Std,2012-10-17,2014-02-27,499,480.0,0
MAC003761,Std,2012-10-19,2014-02-27,493,473.0,0
MAC003795,Std,2012-10-22,2014-02-27,494,473.0,0
MAC003796,Std,2012-10-22,2014-02-27,494,477.0,0
MAC003800,Std,2012-10-22,2014-02-27,494,477.0,0
MAC003858,Std,2012-10-25,2014-02-27,491,474.0,0
MAC003861,Std,2012-10-25,2014-02-27,491,473.0,0
MAC003905,Std,2012-10-26,2014-02-27,490,469.0,0
MAC003906,Std,2012-10-26,2014-02-27,490,472.0,0
MAC003946,Std,2012-07-05,2013-11-21,505,486.0,1
MAC003950,Std,2012-07-05,2014-02-27,603,578.0,0
MAC003997,Std,2012-07-06,2014-02-27,602,581.0,0
MAC004044,Std,2012-07-06,2014-02-27,602,581.0,0
MAC004084,Std,2012-05-18,2014-01-14,607,586.0,0
MAC004238,Std,2012-05-23,2014-02-27,644,619.0,0
MAC004326,Std,2012-03-14,2014-02-27,716,686.0,0
MAC004410,Std,2012-03-19,2014-02-27,711,686.0,0
MAC004450,Std,2012-03-21,2014-02-27,709,680.0,0
MAC004518,Std,2011-12-20,2014-02-27,801,770.0,0
MAC004544,Std,2011-12-21,2014-02-21,794,766.0,0
MAC004585,Std,2012-07-10,2014-02-27,598,577.0,0
MAC004586,Std,2012-07-11,2014-02-27,597,572.0,0
MAC004632,Std,2012-07-11,2014-02-27,597,575.0,0
MAC004760,Std,2012-04-03,2014-02-27,695,670.0,0
MAC004800,Std,2012-04-04,2014-02-27,694,666.0,0
MAC004983,Std,2012-01-25,2014-02-27,765,738.0,0
MAC004997,Std,2012-01-27,2013-04-06,436,417.0,1
MAC005221,Std,2012-02-04,2014-02-27,755,727.0,0
MAC005335,Std,2012-02-20,2014-02-27,728,698.0,0
MAC005455,Std,2012-04-16,2014-02-27,682,657.0,0
MAC005456,Std,2012-04-16,2014-02-27,665,640.0,0
MAC000257,ToU,2011-12-05,2014-02-27,816,782.0,0
MAC000261,ToU,2011-12-05,2014-02-27,816,786.0,0
MAC000451,ToU,2012-03-23,2014-02-27,706,679.0,0
MAC000525,ToU,2012-03-28,2014-02-27,701,677.0,0
MAC000537,ToU,2012-04-10,2013-02-03,300,288.0,1
MAC000910,ToU,2012-04-27,2014-02-27,670,647.0,0
MAC001147,ToU,2012-05-09,2013-10-13,522,501.0,1
MAC001305,ToU,2012-05-14,2014-02-27,654,629.0,0
MAC001576,ToU,2012-05-25,2014-02-27,643,617.0,0
MAC001853,ToU,2012-06-07,2014-02-27,629,605.0,0
MAC002111,ToU,2012-06-17,2014-02-27,621,599.0,0
MAC002497,ToU,2012-07-07,2014-02-27,600,574.0,0
MAC002552,ToU,2012-07-09,2014-02-27,599,575.0,0
MAC002738,ToU,2012-05-08,2014-02-27,660,636.0,0
MAC004118,ToU,2012-05-19,2014-02-27,649,625.0,0
MAC000030,Std,2011-12-07,2014-02-27,814,782.0,0
MAC000127,Std,2011-12-15,2014-02-27,806,777.0,0
MAC000232,Std,2011-12-01,2014-02-27,820,785.0,0
MAC000332,Std,2012-03-07,2014-02-27,723,694.0,0
MAC000651,Std,2012-04-13,2014-02-27,682,648.0,0
MAC000768,Std,2012-04-20,2014-02-27,679,648.0,0
MAC000899,Std,2012-04-27,2014-02-27,671,647.0,0
MAC000971,Std,2012-05-01,2014-02-27,666,640.0,0
MAC001005,Std,2012-05-02,2013-03-26,326,311.0,1
MAC001048,Std,2012-05-03,2014-02-27,663,637.0,0
MAC001082,Std,2012-05-08,2013-02-26,288,276.0,1
MAC001188,Std,2012-05-11,2014-02-27,656,631.0,0
MAC001392,Std,2012-05-17,2014-02-27,652,624.0,0
MAC001494,Std,2012-05-22,2014-02-27,646,624.0,0
MAC001526,Std,2012-05-22,2014-02-27,645,622.0,0
MAC001569,Std,2012-05-23,2014-02-27,646,623.0,0
MAC001570,Std,2012-05-23,2014-02-27,646,621.0,0
MAC001601,Std,2012-05-25,2014-02-27,642,615.0,0
MAC001948,Std,2012-06-11,2014-02-27,592,571.0,0
MAC002035,Std,2012-06-16,2014-02-27,616,592.0,0
MAC002036,Std,2012-06-14,2014-02-27,623,596.0,0
MAC002251,Std,2012-04-23,2014-02-27,673,646.0,0
MAC002275,Std,2012-04-23,2012-10-28,189,181.0,1
MAC002276,Std,2012-04-23,2014-02-27,676,651.0,0
MAC002371,Std,2012-04-28,2014-02-27,668,639.0,0
MAC002410,Std,2012-04-30,2014-02-27,666,631.0,0
MAC002504,Std,2012-07-07,2014-02-27,601,577.0,0
MAC002548,Std,2012-07-09,2014-02-27,598,573.0,0
MAC002746,Std,2012-05-09,2014-02-27,658,632.0,0
MAC002867,Std,2012-05-11,2013-08-02,448,431.0,1
MAC003119,Std,2012-05-16,2014-02-27,651,624.0,0
MAC003220,Std,2012-09-17,2014-02-27,527,505.0,0
MAC003264,Std,2012-09-20,2014-02-27,526,505.0,0
MAC003394,Std,2012-09-28,2014-02-27,515,496.0,0
MAC003458,Std,2012-10-02,2014-02-27,514,494.0,0
MAC003462,Std,2012-10-02,2014-02-27,514,496.0,0
MAC003509,Std,2012-10-05,2014-02-27,511,490.0,0
MAC003681,Std,2012-10-16,2014-02-27,500,477.0,0
MAC003814,Std,2012-10-22,2014-02-27,493,474.0,0
MAC003926,Std,2012-11-08,2014-02-27,477,459.0,0
MAC003955,Std,2012-07-06,2014-02-27,602,578.0,0
MAC003956,Std,2012-07-06,2014-02-27,602,581.0,0
MAC004129,Std,2012-05-19,2014-02-27,650,617.0,0
MAC004217,Std,2012-05-23,2014-02-27,646,618.0,0
MAC004262,Std,2012-05-24,2014-02-27,645,621.0,0
MAC004310,Std,2012-05-25,2014-02-27,644,618.0,0
MAC004578,Std,2011-12-28,2013-08-15,597,571.0,1
MAC004645,Std,2012-07-12,2014-02-27,596,573.0,0
MAC004646,Std,2012-07-12,2014-02-27,595,573.0,0
MAC004749,Std,2012-04-02,2014-02-27,697,672.0,0
MAC004819,Std,2012-04-05,2014-02-27,694,665.0,0
MAC004844,Std,2012-04-10,2014-02-27,689,665.0,0
MAC005078,Std,2012-05-30,2014-01-19,598,577.0,0
MAC005081,Std,2012-05-30,2014-02-27,639,610.0,0
MAC005135,Std,2012-05-31,2014-02-27,638,615.0,0
MAC005136,Std,2012-05-31,2014-02-27,637,611.0,0
MAC005216,Std,2012-02-04,2014-02-27,755,728.0,0
MAC005330,Std,2012-02-20,2014-02-27,739,707.0,0
MAC005363,Std,2012-02-22,2014-02-27,737,709.0,0
MAC001087,ToU,2012-05-08,2014-02-27,660,631.0,0
MAC001297,ToU,2012-05-14,2014-02-27,653,630.0,0
MAC002060,ToU,2012-06-14,2014-02-27,622,592.0,0
MAC003055,ToU,2012-05-15,2014-02-27,653,622.0,0
MAC003429,ToU,2012-10-01,2014-02-27,514,495.0,0
MAC004979,ToU,2012-01-25,2014-02-27,765,735.0,0
MAC005537,ToU,2012-04-17,2014-02-27,681,654.0,0
MAC000148,Std,2011-11-23,2014-02-27,828,792.0,0
MAC000199,Std,2011-11-28,2014-02-27,823,792.0,0
MAC000201,Std,2011-11-29,2014-02-27,822,792.0,0
MAC000343,Std,2012-03-08,2014-02-27,722,696.0,0
MAC000379,Std,2012-03-12,2013-07-30,506,483.0,1
MAC000417,Std,2012-03-21,2014-02-27,709,682.0,0
MAC000526,Std,2012-03-28,2014-02-27,702,677.0,0
MAC000902,Std,2012-04-27,2014-02-27,670,645.0,0
MAC000936,Std,2012-05-01,2014-02-27,666,634.0,0
MAC001071,Std,2012-05-08,2014-02-27,661,636.0,0
MAC001344,Std,2012-05-17,2014-02-27,651,625.0,0
MAC001375,Std,2012-05-17,2014-02-27,652,628.0,0
MAC001376,Std,2012-05-17,2014-02-27,651,623.0,0
MAC001525,Std,2012-05-22,2014-02-27,646,624.0,0
MAC001550,Std,2012-05-22,2014-02-27,646,624.0,0
MAC001583,Std,2012-05-25,2014-02-27,643,619.0,0
MAC001661,Std,2012-05-28,2014-02-27,640,617.0,0
MAC001685,Std,2012-05-29,2014-02-27,636,609.0,0
MAC001834,Std,2012-06-07,2014-02-27,630,607.0,0
MAC001875,Std,2012-06-08,2014-02-27,628,600.0,0
MAC001876,Std,2012-06-08,2014-02-27,630,606.0,0
MAC001982,Std,2012-06-12,2014-02-27,624,597.0,0
MAC002059,Std,2012-06-14,2014-02-27,622,595.0,0
MAC002103,Std,2012-06-17,2014-02-27,621,597.0,0
MAC002142,Std,2012-06-19,2014-02-27,619,594.0,0
MAC002319,Std,2012-04-24,2014-02-27,674,649.0,0
MAC002392,Std,2012-04-30,2014-02-27,665,638.0,0
MAC002480,Std,2012-05-01,2014-02-27,667,641.0,0
MAC002512,Std,2012-07-07,2014-02-27,601,578.0,0
MAC002688,Std,2012-05-04,2014-02-03,639,616.0,0
MAC002762,Std,2012-05-10,2014-02-27,659,633.0,0
MAC002834,Std,2012-05-11,2014-02-27,658,629.0,0
MAC002964,Std,2012-07-03,2014-02-27,605,580.0,0
MAC002991,Std,2012-07-04,2014-02-27,604,582.0,0
MAC003079,Std,2012-05-16,2014-02-27,652,626.0,0
MAC003253,Std,2012-09-19,2014-02-27,527,505.0,0
MAC003318,Std,2012-09-24,2014-02-27,519,495.0,0
MAC003351,Std,2012-09-26,2014-02-27,518,499.0,0
MAC003658,Std,2012-10-12,2014-02-27,504,486.0,0
MAC003662,Std,2012-10-12,2013-12-02,417,399.0,0
MAC003744,Std,2012-10-18,2014-02-27,498,472.0,0
MAC004104,Std,2012-05-18,2013-06-10,388,375.0,1
MAC004208,Std,2012-05-23,2014-02-27,644,622.0,0
MAC004304,Std,2012-05-24,2014-02-27,644,619.0,0
MAC004401,Std,2012-03-19,2014-02-27,707,680.0,0
MAC004484,Std,2011-12-19,2013-11-18,701,676.0,1
MAC004724,Std,2012-04-02,2014-02-27,697,673.0,0
MAC004754,Std,2012-04-02,2014-02-27,695,669.0,0
MAC004908,Std,2012-01-18,2014-02-27,772,745.0,0
MAC005130,Std,2012-05-31,2014-02-27,636,609.0,0
MAC005198,Std,2012-02-03,2014-02-27,756,728.0,0
MAC005241,Std,2012-02-06,2014-02-27,753,724.0,0
MAC005263,Std,2012-02-09,2014-02-27,750,724.0,0
MAC005369,Std,2012-02-23,2014-02-27,735,708.0,0
MAC005371,Std,2012-02-23,2014-02-27,736,708.0,0
MAC005400,Std,2012-02-27,2014-02-27,732,708.0,0
MAC005521,Std,2012-04-17,2014-02-27,679,652.0,0
MAC000935,ToU,2012-05-01,2014-02-27,667,641.0,0
MAC001386,ToU,2012-05-17,2014-02-27,651,628.0,0
MAC002486,ToU,2012-07-07,2014-02-27,600,574.0,0
MAC003069,ToU,2012-05-15,2014-02-27,652,619.0,0
MAC003544,ToU,2012-10-08,2014-02-27,508,486.0,0
MAC004315,ToU,2012-05-25,2014-02-27,644,620.0,0
MAC004320,ToU,2012-05-25,2014-02-27,642,616.0,0
MAC004436,ToU,2012-03-20,2014-02-27,710,683.0,0
MAC001841,Std,2012-06-08,2014-02-27,568,548.0,0
MAC003619,Std,2012-10-11,2014-02-27,504,484.0,0
MAC003385,Std,2012-09-28,2014-02-27,518,496.0,0
MAC002613,Std,2012-07-10,2013-03-26,260,248.0,1
MAC002131,ToU,2012-06-25,2014-02-27,613,589.0,0
MAC001300,Std,2012-05-14,2012-05-22,8,5.0,1
MAC005039,ToU,2012-01-31,2014-02-27,759,730.0,0
MAC005470,ToU,2012-04-16,2014-02-27,682,658.0,0
MAC005538,ToU,2012-04-18,2014-02-27,680,657.0,0
MAC000006,Std,2012-01-30,2014-02-27,760,730.0,0
MAC000057,Std,2011-12-09,2014-02-27,812,783.0,0
MAC000142,Std,2011-12-16,2013-02-16,429,412.0,1
MAC000168,Std,2011-11-24,2014-02-27,827,794.0,0
MAC000204,Std,2011-11-29,2013-04-25,514,487.0,1
MAC000264,Std,2011-12-05,2014-02-27,816,781.0,0
MAC000320,Std,2012-03-06,2014-02-27,724,698.0,0
MAC000382,Std,2012-03-13,2014-02-27,717,689.0,0
MAC000422,Std,2012-03-21,2014-02-27,708,682.0,0
MAC000501,Std,2012-03-26,2014-02-27,703,669.0,0
MAC000538,Std,2012-04-10,2014-02-27,688,658.0,0
MAC000563,Std,2012-04-11,2014-02-27,686,658.0,0
MAC000601,Std,2012-04-12,2014-02-27,687,656.0,0
MAC000639,Std,2012-04-13,2014-02-27,686,662.0,0
MAC000770,Std,2012-04-20,2013-01-15,269,259.0,1
MAC000880,Std,2012-04-27,2014-02-27,672,646.0,0
MAC000885,Std,2012-04-27,2014-02-27,672,643.0,0
MAC000920,Std,2012-04-27,2014-02-21,663,637.0,0
MAC001042,Std,2012-05-03,2014-02-27,664,632.0,0
MAC001124,Std,2012-05-08,2014-02-27,661,634.0,0
MAC001157,Std,2012-05-09,2014-02-27,657,629.0,0
MAC001249,Std,2012-05-14,2014-02-27,653,625.0,0
MAC001250,Std,2012-05-14,2014-02-10,638,615.0,0
MAC001441,Std,2012-05-18,2014-02-27,651,625.0,0
MAC001502,Std,2012-05-22,2014-02-03,622,600.0,0
MAC001507,Std,2012-05-22,2014-02-27,647,613.0,0
MAC001541,Std,2012-05-22,2014-02-27,646,623.0,0
MAC001592,Std,2012-05-25,2014-02-27,641,619.0,0
MAC001709,Std,2012-06-01,2013-12-24,571,551.0,0
MAC001711,Std,2012-06-01,2014-02-27,636,609.0,0
MAC001789,Std,2012-06-06,2014-02-27,630,607.0,0
MAC001867,Std,2012-06-08,2014-02-27,628,600.0,0
MAC001973,Std,2012-06-12,2014-02-27,624,594.0,0
MAC002163,Std,2012-06-20,2014-02-27,618,596.0,0
MAC002205,Std,2012-06-27,2014-02-27,611,588.0,0
MAC002206,Std,2012-06-26,2014-02-27,609,583.0,0
MAC002254,Std,2012-04-23,2014-02-27,674,649.0,0
MAC002339,Std,2012-04-24,2014-02-27,672,646.0,0
MAC002342,Std,2012-04-24,2014-02-27,675,643.0,0
MAC002374,Std,2012-04-28,2013-01-28,275,263.0,1
MAC002435,Std,2012-04-30,2014-02-27,667,643.0,0
MAC002436,Std,2012-04-30,2014-02-27,667,638.0,0
MAC002518,Std,2012-07-09,2014-02-27,599,575.0,0
MAC002558,Std,2012-07-09,2014-02-27,599,574.0,0
MAC002583,Std,2012-07-10,2014-02-27,598,575.0,0
MAC002623,Std,2012-05-03,2014-02-27,657,633.0,0
MAC002773,Std,2012-05-10,2013-05-01,354,341.0,1
MAC002853,Std,2012-05-11,2014-02-27,658,632.0,0
MAC002889,Std,2012-07-02,2014-02-27,604,577.0,0
MAC002984,Std,2012-07-03,2014-02-27,604,579.0,0
MAC003007,Std,2012-05-15,2014-02-27,653,627.0,0
MAC003142,Std,2012-07-14,2014-02-27,593,572.0,0
MAC003167,Std,2012-07-31,2013-06-05,309,297.0,1
MAC003281,Std,2012-09-21,2014-02-27,525,502.0,0
MAC003402,Std,2012-09-28,2014-02-27,517,497.0,0
MAC003447,Std,2012-10-02,2014-02-27,512,494.0,0
MAC003452,Std,2012-10-02,2014-02-27,514,494.0,0
MAC003534,Std,2012-10-08,2014-02-27,508,487.0,0
MAC003633,Std,2012-10-12,2014-02-27,504,485.0,0
MAC003741,Std,2012-10-18,2014-02-27,498,476.0,0
MAC003830,Std,2012-10-23,2014-02-27,493,475.0,0
MAC003938,Std,2012-07-05,2014-02-27,603,581.0,0
MAC003986,Std,2012-07-06,2014-02-27,602,577.0,0
MAC004019,Std,2012-07-06,2014-02-27,602,580.0,0
MAC004081,Std,2012-05-18,2014-02-27,650,623.0,0
MAC004117,Std,2012-05-19,2014-02-27,649,625.0,0
MAC004162,Std,2012-05-21,2014-02-27,648,623.0,0
MAC004185,Std,2012-05-21,2014-02-27,647,623.0,0
MAC004186,Std,2012-05-21,2014-02-27,645,619.0,0
MAC004285,Std,2012-05-24,2014-02-27,644,615.0,0
MAC004286,Std,2012-05-24,2014-02-27,644,615.0,0
MAC004389,Std,2012-03-16,2014-02-27,714,686.0,0
MAC004481,Std,2011-12-19,2014-02-27,802,770.0,0
MAC004512,Std,2011-12-20,2014-02-27,800,771.0,0
MAC004537,Std,2011-12-21,2014-02-27,800,762.0,0
MAC004563,Std,2011-12-22,2014-02-27,799,772.0,0
MAC004656,Std,2012-07-12,2014-02-27,596,572.0,0
MAC004660,Std,2012-07-12,2014-02-27,595,573.0,0
MAC004705,Std,2012-07-13,2014-02-27,595,574.0,0
MAC004706,Std,2012-07-13,2014-02-27,595,574.0,0
MAC004779,Std,2012-04-04,2014-02-27,695,671.0,0
MAC004828,Std,2012-04-05,2014-02-27,692,666.0,0
MAC004853,Std,2011-12-29,2014-02-27,792,760.0,0
MAC004902,Std,2012-01-16,2014-02-27,774,747.0,0
MAC004920,Std,2012-01-19,2014-02-27,771,738.0,0
MAC004938,Std,2012-01-21,2014-02-27,769,739.0,0
MAC004962,Std,2012-01-23,2014-02-27,766,736.0,0
MAC005033,Std,2012-01-31,2014-02-27,759,733.0,0
MAC005234,Std,2012-02-06,2014-02-27,753,725.0,0
MAC005374,Std,2012-02-23,2014-02-27,736,705.0,0
MAC000044,ToU,2011-12-08,2014-02-27,813,778.0,0
MAC000052,ToU,2011-12-08,2014-02-27,813,779.0,0
MAC000687,ToU,2012-04-18,2014-02-27,681,651.0,0
MAC000859,ToU,2012-04-26,2014-02-27,673,643.0,0
MAC001012,ToU,2012-05-02,2014-02-27,663,636.0,0
MAC001096,ToU,2012-05-08,2014-02-27,661,637.0,0
MAC001772,ToU,2012-06-06,2014-02-27,629,607.0,0
MAC001942,ToU,2012-06-11,2014-02-27,627,600.0,0
MAC002445,ToU,2012-04-30,2014-02-27,669,645.0,0
MAC002446,ToU,2012-04-30,2014-02-27,666,640.0,0
MAC002665,ToU,2012-05-04,2014-02-27,665,639.0,0
MAC002728,ToU,2012-05-08,2014-02-27,659,636.0,0
MAC002930,ToU,2012-07-02,2014-02-27,604,581.0,0
MAC003196,ToU,2012-09-14,2013-07-25,315,302.0,1
MAC003372,ToU,2012-09-27,2014-02-27,519,500.0,0
MAC003899,ToU,2012-10-26,2014-02-27,490,471.0,0
MAC004218,ToU,2012-05-23,2014-02-27,645,621.0,0
MAC004926,ToU,2012-01-20,2014-02-27,770,744.0,0
MAC005515,ToU,2012-04-17,2014-02-27,679,654.0,0
MAC005516,ToU,2012-04-17,2014-02-27,682,648.0,0
MAC005524,ToU,2012-04-17,2014-02-27,682,657.0,0
MAC000028,Std,2011-12-07,2013-10-06,670,644.0,1
MAC000094,Std,2011-12-12,2014-02-27,806,774.0,0
MAC000215,Std,2011-11-30,2014-02-27,821,787.0,0
MAC000216,Std,2011-11-30,2014-02-27,821,787.0,0
MAC000258,Std,2011-12-05,2014-02-27,816,786.0,0
MAC000275,Std,2012-02-29,2014-02-27,719,687.0,0
MAC000276,Std,2012-02-29,2014-02-27,730,700.0,0
MAC000400,Std,2012-03-14,2014-02-27,716,688.0,0
MAC000405,Std,2012-03-21,2014-02-27,709,684.0,0
MAC000449,Std,2012-03-22,2014-02-27,708,682.0,0
MAC000488,Std,2012-03-23,2014-02-27,705,679.0,0
MAC000492,Std,2012-03-24,2014-02-27,706,678.0,0
MAC000645,Std,2012-04-13,2014-02-27,685,658.0,0
MAC000682,Std,2012-04-18,2014-02-27,679,656.0,0
MAC000757,Std,2012-04-20,2014-02-27,678,653.0,0
MAC000786,Std,2012-04-20,2014-02-27,678,651.0,0
MAC000824,Std,2012-04-25,2014-02-27,672,645.0,0
MAC000863,Std,2012-04-26,2013-08-15,477,461.0,1
MAC001067,Std,2012-05-08,2014-02-27,661,633.0,0
MAC001130,Std,2012-05-09,2014-01-28,628,605.0,0
MAC001135,Std,2012-05-09,2014-02-27,657,633.0,0
MAC001204,Std,2012-05-11,2014-02-27,656,629.0,0
MAC001298,Std,2012-05-14,2014-02-27,653,626.0,0
MAC001325,Std,2012-05-16,2014-02-27,651,626.0,0
MAC001326,Std,2012-05-16,2014-02-27,653,625.0,0
MAC001423,Std,2012-05-18,2014-02-27,649,625.0,0
MAC001679,Std,2012-05-29,2014-02-27,639,617.0,0
MAC001723,Std,2012-06-01,2014-02-27,630,603.0,0
MAC001752,Std,2012-06-02,2014-02-27,623,596.0,0
MAC001757,Std,2012-06-02,2014-02-27,634,610.0,0
MAC001803,Std,2012-06-06,2014-02-27,629,604.0,0
MAC001844,Std,2012-06-07,2014-02-27,629,606.0,0
MAC001953,Std,2012-06-11,2014-02-27,626,603.0,0
MAC001988,Std,2012-06-12,2014-02-27,625,601.0,0
MAC002019,Std,2012-06-13,2013-08-31,444,425.0,1
MAC002024,Std,2012-06-13,2013-01-15,216,208.0,1
MAC002150,Std,2012-06-19,2014-02-27,619,597.0,0
MAC002178,Std,2012-06-22,2014-02-27,616,594.0,0
MAC002211,Std,2012-06-27,2014-02-27,609,588.0,0
MAC002296,Std,2012-04-24,2014-02-27,673,649.0,0
MAC002333,Std,2012-04-24,2014-02-27,674,650.0,0
MAC002369,Std,2012-04-28,2014-02-27,671,646.0,0
MAC002401,Std,2012-04-30,2014-02-27,668,615.0,0
MAC002498,Std,2012-07-07,2013-11-26,507,488.0,1
MAC002501,Std,2012-07-07,2014-02-27,600,576.0,0
MAC002542,Std,2012-07-09,2014-02-27,599,577.0,0
MAC002654,Std,2012-05-04,2014-02-27,663,637.0,0
MAC002687,Std,2012-05-04,2014-02-27,663,637.0,0
MAC002768,Std,2012-05-10,2014-02-27,656,629.0,0
MAC002808,Std,2012-05-10,2014-02-27,658,631.0,0
MAC002844,Std,2012-05-11,2013-07-07,422,402.0,1
MAC003013,Std,2012-05-15,2014-02-27,652,624.0,0
MAC003095,Std,2012-05-16,2014-02-27,651,627.0,0
MAC003096,Std,2012-05-16,2014-02-27,653,629.0,0
MAC003123,Std,2012-05-17,2014-02-27,651,624.0,0
MAC003162,Std,2012-07-27,2014-02-27,581,559.0,0
MAC003195,Std,2012-09-14,2014-02-27,532,513.0,0
MAC003275,Std,2012-09-20,2014-02-27,525,506.0,0
MAC003276,Std,2012-09-20,2014-02-27,526,507.0,0
MAC003312,Std,2012-09-24,2014-02-27,522,503.0,0
MAC003750,Std,2012-10-18,2014-02-27,497,478.0,0
MAC003811,Std,2012-10-22,2014-02-27,493,473.0,0
MAC003844,Std,2012-10-24,2014-02-27,491,473.0,0
MAC003893,Std,2012-10-26,2014-02-27,490,467.0,0
MAC004003,Std,2012-07-06,2014-02-27,602,579.0,0
MAC004093,Std,2012-05-18,2014-02-27,647,619.0,0
MAC004132,Std,2012-05-19,2014-02-27,650,627.0,0
MAC004176,Std,2012-05-21,2014-02-27,646,621.0,0
MAC004180,Std,2012-05-21,2014-02-27,648,622.0,0
MAC004298,Std,2012-05-24,2014-02-27,644,620.0,0
MAC004330,Std,2012-03-14,2014-02-27,716,687.0,0
MAC004498,Std,2011-12-19,2014-02-27,801,767.0,0
MAC004532,Std,2011-12-21,2014-02-27,799,771.0,0
MAC004681,Std,2012-07-13,2014-02-27,595,571.0,0
MAC004887,Std,2012-01-12,2014-02-27,778,751.0,0
MAC004911,Std,2012-01-19,2014-02-27,771,744.0,0
MAC005041,Std,2012-02-01,2014-02-27,758,732.0,0
MAC005058,Std,2012-05-29,2014-02-27,637,614.0,0
MAC005064,Std,2012-05-29,2014-02-27,638,615.0,0
MAC005090,Std,2012-05-30,2013-09-03,461,442.0,1
MAC005095,Std,2012-05-30,2014-02-27,637,612.0,0
MAC005174,Std,2012-06-01,2014-02-27,636,613.0,0
MAC005208,Std,2012-02-03,2014-02-27,756,726.0,0
MAC005259,Std,2012-02-08,2014-02-27,751,720.0,0
MAC005358,Std,2012-02-22,2014-02-27,737,706.0,0
MAC005382,Std,2012-02-24,2014-02-27,735,710.0,0
MAC005431,Std,2012-04-14,2014-02-27,685,657.0,0
MAC005444,Std,2012-04-16,2014-02-27,683,657.0,0
MAC000005,ToU,2012-06-01,2014-02-27,636,611.0,0
MAC000014,ToU,2012-10-15,2014-02-27,501,478.0,0
MAC000497,ToU,2012-03-26,2014-02-27,704,673.0,0
MAC000775,ToU,2012-04-20,2014-02-27,677,642.0,0
MAC000785,ToU,2012-04-20,2014-02-27,679,652.0,0
MAC000879,ToU,2012-04-27,2013-08-22,483,458.0,1
MAC001136,ToU,2012-05-09,2013-09-29,508,488.0,1
MAC001369,ToU,2012-05-17,2013-07-02,410,392.0,1
MAC001429,ToU,2012-05-18,2014-02-27,648,624.0,0
MAC001880,ToU,2012-06-08,2014-02-27,629,606.0,0
MAC002281,ToU,2012-04-23,2014-02-27,676,651.0,0
MAC002290,ToU,2012-04-23,2014-02-27,675,649.0,0
MAC002901,ToU,2012-07-02,2014-02-27,604,581.0,0
MAC003334,ToU,2012-09-25,2014-02-27,521,496.0,0
MAC003513,ToU,2012-10-05,2014-02-27,511,490.0,0
MAC003652,ToU,2012-10-12,2014-02-27,504,481.0,0
MAC003684,ToU,2012-10-16,2014-02-27,499,480.0,0
MAC003975,ToU,2012-07-06,2014-02-27,601,580.0,0
MAC004170,ToU,2012-05-21,2014-02-27,646,623.0,0
MAC004610,ToU,2012-07-11,2014-02-27,596,572.0,0
MAC005306,ToU,2012-02-15,2014-02-27,744,717.0,0
MAC000079,Std,2011-12-10,2014-02-27,795,764.0,0
MAC000128,Std,2011-12-15,2014-02-27,806,775.0,0
MAC000130,Std,2011-12-15,2014-02-27,806,776.0,0
MAC000152,Std,2011-11-23,2014-02-27,828,797.0,0
MAC000210,Std,2011-11-30,2014-02-27,821,780.0,0
MAC000241,Std,2011-12-02,2013-02-20,447,429.0,1
MAC000338,Std,2012-03-08,2013-11-22,625,604.0,1
MAC000427,Std,2012-03-21,2014-02-27,708,674.0,0
MAC000463,Std,2012-03-23,2013-10-15,572,551.0,1
MAC000569,Std,2012-04-11,2014-02-27,687,654.0,0
MAC000752,Std,2012-04-20,2014-02-27,679,650.0,0
MAC000844,Std,2012-04-26,2014-02-27,671,642.0,0
MAC000886,Std,2012-04-27,2014-02-27,670,642.0,0
MAC000974,Std,2012-05-02,2014-02-27,667,636.0,0
MAC001062,Std,2012-05-08,2014-02-27,659,633.0,0
MAC001095,Std,2012-05-08,2014-02-27,658,634.0,0
MAC001148,Std,2012-05-09,2014-02-27,657,633.0,0
MAC001341,Std,2012-05-17,2014-02-27,652,628.0,0
MAC001363,Std,2012-05-17,2014-02-27,651,626.0,0
MAC001398,Std,2012-05-17,2013-12-09,572,549.0,0
MAC001484,Std,2012-05-22,2014-02-27,646,623.0,0
MAC001515,Std,2012-05-22,2014-02-27,643,615.0,0
MAC001516,Std,2012-05-22,2014-02-27,647,622.0,0
MAC001644,Std,2012-05-28,2013-08-15,442,426.0,1
MAC001699,Std,2012-05-29,2014-02-27,638,609.0,0
MAC001734,Std,2012-06-01,2014-02-27,637,612.0,0
MAC001901,Std,2012-06-08,2013-02-20,257,247.0,1
MAC002071,Std,2012-06-15,2014-02-27,622,595.0,0
MAC002155,Std,2012-06-19,2012-12-10,175,165.0,1
MAC002605,Std,2012-07-10,2014-02-27,598,577.0,0
MAC002750,Std,2012-05-10,2014-02-27,657,628.0,0
MAC002859,Std,2012-05-11,2014-02-27,656,631.0,0
MAC002936,Std,2012-07-02,2014-02-27,601,571.0,0
MAC003029,Std,2012-05-15,2014-02-27,654,626.0,0
MAC003109,Std,2012-05-16,2014-02-27,652,628.0,0
MAC003210,Std,2012-09-17,2014-02-27,528,509.0,0
MAC003248,Std,2012-09-18,2014-02-27,527,508.0,0
MAC003413,Std,2012-10-01,2014-02-27,513,491.0,0
MAC003468,Std,2012-10-03,2014-02-27,512,489.0,0
MAC003575,Std,2012-10-09,2014-02-27,507,482.0,0
MAC003639,Std,2012-10-12,2014-02-27,504,483.0,0
MAC003672,Std,2012-10-15,2014-02-27,501,480.0,0
MAC003715,Std,2012-10-17,2014-02-27,499,476.0,0
MAC003716,Std,2012-10-17,2013-04-25,190,181.0,1
MAC003824,Std,2012-10-23,2014-02-27,493,476.0,0
MAC003875,Std,2012-10-25,2014-02-27,491,474.0,0
MAC004034,Std,2012-07-06,2013-09-18,440,420.0,1
MAC004070,Std,2012-05-18,2014-02-27,646,620.0,0
MAC004112,Std,2012-05-19,2014-02-27,650,626.0,0
MAC004154,Std,2012-05-21,2014-02-27,646,621.0,0
MAC004193,Std,2012-05-21,2014-02-27,648,626.0,0
MAC004226,Std,2012-05-23,2013-11-10,537,518.0,1
MAC004232,Std,2012-05-23,2014-02-27,646,623.0,0
MAC004397,Std,2012-03-19,2014-02-27,711,682.0,0
MAC004469,Std,2011-12-17,2014-02-27,804,770.0,0
MAC004521,Std,2011-12-20,2014-02-27,801,772.0,0
MAC004569,Std,2011-12-23,2014-02-27,798,768.0,0
MAC004594,Std,2012-07-11,2014-02-27,595,572.0,0
MAC004638,Std,2012-07-12,2014-02-27,595,572.0,0
MAC004690,Std,2012-07-13,2014-02-27,594,570.0,0
MAC004739,Std,2012-04-02,2014-02-27,697,668.0,0
MAC005129,Std,2012-05-31,2014-02-27,633,610.0,0
MAC005181,Std,2012-02-02,2014-02-27,757,727.0,0
MAC005244,Std,2012-02-07,2014-02-27,752,725.0,0
MAC005305,Std,2012-02-15,2014-02-27,744,715.0,0
MAC005475,Std,2012-04-16,2014-02-27,681,658.0,0
MAC005476,Std,2012-04-16,2014-01-07,631,605.0,0
MAC005509,Std,2012-04-17,2014-02-27,682,654.0,0
MAC005547,Std,2012-04-18,2014-02-27,679,651.0,0
MAC000512,ToU,2012-03-27,2013-04-29,397,381.0,1
MAC000620,ToU,2012-04-12,2014-02-27,684,657.0,0
MAC000633,ToU,2012-04-13,2014-02-27,686,658.0,0
MAC001108,ToU,2012-05-08,2014-02-27,658,633.0,0
MAC001274,ToU,2012-05-14,2014-02-27,653,628.0,0
MAC001407,ToU,2012-05-18,2013-04-30,348,330.0,1
MAC001651,ToU,2012-05-28,2014-02-27,640,618.0,0
MAC001693,ToU,2012-05-29,2014-02-27,638,613.0,0
MAC001777,ToU,2012-06-06,2013-09-29,481,461.0,1
MAC001993,ToU,2012-06-12,2014-02-27,625,596.0,0
MAC002593,ToU,2012-07-10,2014-02-27,598,570.0,0
MAC004066,ToU,2012-05-18,2014-02-27,651,627.0,0
MAC004076,ToU,2012-05-18,2014-02-27,650,625.0,0
MAC004623,ToU,2012-07-11,2014-02-27,597,575.0,0
MAC004655,ToU,2012-07-12,2014-02-27,596,572.0,0
MAC004751,ToU,2012-04-02,2014-02-27,696,667.0,0
MAC005284,ToU,2012-02-11,2014-02-27,748,715.0,0
MAC000073,Std,2011-12-10,2014-02-27,811,760.0,0
MAC000314,Std,2012-03-06,2014-02-27,724,699.0,0
MAC000443,Std,2012-03-22,2014-02-27,708,679.0,0
MAC000591,Std,2012-04-12,2014-02-27,687,661.0,0
MAC000869,Std,2012-04-26,2014-02-27,673,647.0,0
MAC000908,Std,2012-04-27,2014-02-27,671,646.0,0
MAC000966,Std,2012-05-01,2014-02-27,666,641.0,0
MAC001017,Std,2012-05-02,2014-02-27,665,639.0,0
MAC001050,Std,2012-05-03,2014-02-27,663,637.0,0
MAC001088,Std,2012-05-08,2014-02-27,661,638.0,0
MAC001090,Std,2012-05-08,2014-02-27,661,632.0,0
MAC001491,Std,2012-05-22,2014-02-27,646,620.0,0
MAC001639,Std,2012-05-28,2014-02-27,639,614.0,0
MAC001673,Std,2012-05-29,2014-02-27,637,613.0,0
MAC001794,Std,2012-06-06,2014-02-27,631,609.0,0
MAC001821,Std,2012-06-07,2014-02-27,630,608.0,0
MAC001862,Std,2012-06-07,2014-02-27,630,606.0,0
MAC001931,Std,2012-06-09,2014-02-27,627,600.0,0
MAC001979,Std,2012-06-12,2014-02-27,626,601.0,0
MAC002114,Std,2012-06-18,2014-02-27,620,595.0,0
MAC002245,Std,2012-04-23,2014-02-27,676,647.0,0
MAC002295,Std,2012-04-24,2014-02-27,675,646.0,0
MAC002325,Std,2012-04-24,2013-09-25,519,499.0,1
MAC002326,Std,2012-04-24,2014-02-27,675,648.0,0
MAC002353,Std,2012-04-25,2014-02-27,674,650.0,0
MAC002383,Std,2012-04-28,2014-02-27,671,645.0,0
MAC002423,Std,2012-04-30,2014-02-27,666,641.0,0
MAC002524,Std,2012-07-09,2014-02-27,596,572.0,0
MAC002631,Std,2012-05-03,2014-02-27,665,637.0,0
MAC002660,Std,2012-05-04,2014-02-27,663,634.0,0
MAC002755,Std,2012-05-10,2014-02-27,656,622.0,0
MAC002756,Std,2012-05-10,2014-02-27,657,634.0,0
MAC002788,Std,2012-05-10,2014-02-27,659,635.0,0
MAC002913,Std,2012-07-02,2014-02-27,606,581.0,0
MAC002945,Std,2012-07-05,2014-02-27,603,580.0,0
MAC002946,Std,2012-07-05,2014-02-27,603,582.0,0
MAC003038,Std,2012-05-15,2014-02-27,654,631.0,0
MAC003103,Std,2012-05-16,2014-02-27,650,624.0,0
MAC003134,Std,2012-05-16,2014-02-27,653,628.0,0
MAC003435,Std,2012-10-02,2014-02-27,514,493.0,0
MAC003442,Std,2012-10-02,2014-02-27,514,494.0,0
MAC003519,Std,2012-10-05,2014-02-27,511,490.0,0
MAC003520,Std,2012-10-05,2014-02-27,511,493.0,0
MAC003561,Std,2012-10-09,2014-02-27,507,486.0,0
MAC003603,Std,2012-10-11,2014-02-27,505,486.0,0
MAC003668,Std,2012-10-15,2014-02-27,501,482.0,0
MAC003778,Std,2012-10-19,2014-02-27,497,479.0,0
MAC003835,Std,2012-10-23,2014-02-27,493,475.0,0
MAC003836,Std,2012-10-23,2014-02-27,493,475.0,0
MAC003881,Std,2012-10-25,2014-02-27,491,469.0,0
MAC003970,Std,2012-07-06,2014-02-27,602,577.0,0
MAC004013,Std,2012-07-06,2014-02-27,602,577.0,0
MAC004060,Std,2012-07-07,2014-02-27,601,577.0,0
MAC004099,Std,2012-05-18,2014-02-27,648,623.0,0
MAC004101,Std,2012-05-18,2014-02-27,650,622.0,0
MAC004137,Std,2012-05-21,2013-04-15,329,317.0,1
MAC004140,Std,2012-05-21,2014-02-27,647,620.0,0
MAC004167,Std,2012-05-21,2014-02-27,646,622.0,0
MAC004202,Std,2012-05-23,2014-02-27,645,618.0,0
MAC004207,Std,2012-05-23,2014-02-27,644,620.0,0
MAC004301,Std,2012-05-24,2014-02-27,645,622.0,0
MAC004370,Std,2012-03-16,2014-01-09,665,636.0,0
MAC004472,Std,2011-12-17,2014-02-27,804,774.0,0
MAC004572,Std,2011-12-23,2014-02-27,798,768.0,0
MAC004615,Std,2012-07-11,2014-02-27,597,574.0,0
MAC004616,Std,2012-07-11,2014-02-27,596,567.0,0
MAC004650,Std,2012-07-12,2014-02-27,595,571.0,0
MAC004696,Std,2012-07-13,2014-02-27,595,574.0,0
MAC004700,Std,2012-07-13,2014-02-27,595,569.0,0
MAC004831,Std,2012-04-10,2014-02-27,688,661.0,0
MAC004925,Std,2012-01-20,2014-02-27,770,742.0,0
MAC005008,Std,2012-01-28,2014-02-27,762,734.0,0
MAC005015,Std,2012-01-30,2014-02-27,758,728.0,0
MAC005016,Std,2012-01-30,2014-02-27,760,724.0,0
MAC005300,Std,2012-02-14,2014-02-27,745,720.0,0
MAC005318,Std,2012-02-16,2014-02-27,743,689.0,0
MAC005418,Std,2012-02-29,2014-02-27,730,705.0,0
MAC005558,Std,2012-10-15,2014-02-27,291,279.0,0
MAC000147,ToU,2011-11-23,2014-02-27,828,799.0,0
MAC000298,ToU,2012-03-02,2014-02-27,728,700.0,0
MAC000406,ToU,2012-03-21,2014-02-27,708,683.0,0
MAC000418,ToU,2012-03-21,2014-02-27,709,681.0,0
MAC000991,ToU,2012-05-02,2014-02-27,666,641.0,0
MAC001033,ToU,2012-05-02,2014-02-27,666,642.0,0
MAC001466,ToU,2012-05-21,2014-02-27,648,621.0,0
MAC001597,ToU,2012-05-25,2014-02-27,642,616.0,0
MAC001741,ToU,2012-06-01,2014-02-27,634,609.0,0
MAC002240,ToU,2012-04-21,2014-02-27,675,645.0,0
MAC002398,ToU,2012-04-30,2014-02-27,669,644.0,0
MAC002464,ToU,2012-05-01,2014-02-27,667,643.0,0
MAC004050,ToU,2012-07-07,2014-02-27,600,573.0,0
MAC004245,ToU,2012-05-23,2014-02-27,644,621.0,0
MAC004246,ToU,2012-05-24,2014-02-27,644,621.0,0
MAC004795,ToU,2012-04-04,2014-02-27,693,662.0,0
MAC005162,ToU,2012-05-31,2014-02-27,638,615.0,0
MAC005427,ToU,2012-04-14,2014-02-19,677,652.0,0
MAC000104,Std,2011-12-13,2014-02-27,808,772.0,0
MAC000135,Std,2011-12-15,2013-02-20,434,416.0,1
MAC000136,Std,2011-12-15,2013-02-24,438,421.0,1
MAC000157,Std,2011-11-23,2014-02-27,828,789.0,0
MAC000184,Std,2011-11-26,2013-08-04,618,594.0,1
MAC000270,Std,2011-12-05,2014-02-27,816,787.0,0
MAC000325,Std,2012-03-07,2013-11-22,626,601.0,1
MAC000326,Std,2012-03-07,2014-02-27,723,694.0,0
MAC000387,Std,2012-03-13,2014-02-27,717,689.0,0
MAC000430,Std,2012-03-22,2014-02-27,677,653.0,0
MAC000469,Std,2012-03-23,2013-06-01,436,416.0,1
MAC000472,Std,2012-03-23,2014-02-27,707,680.0,0
MAC000517,Std,2012-03-27,2014-01-07,650,627.0,0
MAC000548,Std,2012-04-10,2014-02-27,689,660.0,0
MAC000625,Std,2012-04-13,2014-02-27,685,657.0,0
MAC000626,Std,2012-04-13,2014-02-27,681,654.0,0
MAC000697,Std,2012-04-18,2014-02-27,679,650.0,0
MAC000780,Std,2012-04-20,2014-02-27,677,649.0,0
MAC000960,Std,2012-05-01,2013-12-08,587,564.0,0
MAC001039,Std,2012-05-03,2014-02-27,662,637.0,0
MAC001117,Std,2012-05-08,2014-02-27,661,636.0,0
MAC001191,Std,2012-05-11,2014-02-27,657,631.0,0
MAC001439,Std,2012-05-18,2014-02-27,651,628.0,0
MAC001510,Std,2012-05-22,2014-02-27,646,623.0,0
MAC001885,Std,2012-06-08,2014-02-27,629,603.0,0
MAC001886,Std,2012-06-08,2014-02-27,627,603.0,0
MAC001959,Std,2012-06-11,2013-08-21,436,420.0,1
MAC001999,Std,2012-06-12,2014-02-27,624,598.0,0
MAC002091,Std,2012-06-16,2014-02-27,622,596.0,0
MAC002169,Std,2012-06-21,2013-02-26,251,242.0,1
MAC002221,Std,2012-06-29,2014-02-27,607,583.0,0
MAC002389,Std,2012-04-30,2014-02-27,669,641.0,0
MAC002699,Std,2012-05-05,2014-02-27,662,639.0,0
MAC002883,Std,2012-07-02,2014-02-27,605,583.0,0
MAC002919,Std,2012-07-02,2014-02-27,597,573.0,0
MAC002921,Std,2012-07-02,2014-02-27,603,578.0,0
MAC003023,Std,2012-05-15,2014-02-27,653,626.0,0
MAC003089,Std,2012-05-16,2014-02-27,653,626.0,0
MAC003090,Std,2012-05-16,2014-02-27,652,629.0,0
MAC003147,Std,2012-07-14,2014-02-27,594,572.0,0
MAC003179,Std,2012-09-13,2014-02-27,533,511.0,0
MAC003270,Std,2012-09-20,2014-02-27,526,499.0,0
MAC003309,Std,2012-09-24,2014-02-03,498,479.0,0
MAC003368,Std,2012-09-27,2014-02-27,519,497.0,0
MAC003407,Std,2012-10-01,2014-02-16,504,484.0,0
MAC003457,Std,2012-10-02,2014-02-27,514,492.0,0
MAC003764,Std,2012-10-19,2014-02-27,497,474.0,0
MAC003857,Std,2012-10-25,2014-02-27,491,471.0,0
MAC003910,Std,2012-10-26,2014-02-27,490,471.0,0
MAC003980,Std,2012-07-06,2014-02-27,602,579.0,0
MAC003985,Std,2012-07-06,2014-02-27,602,581.0,0
MAC004022,Std,2012-07-06,2014-02-27,602,578.0,0
MAC004027,Std,2012-07-06,2014-02-27,602,581.0,0
MAC004075,Std,2012-05-18,2014-02-27,649,626.0,0
MAC004145,Std,2012-05-21,2014-02-27,647,623.0,0
MAC004146,Std,2012-05-21,2014-02-27,648,624.0,0
MAC004199,Std,2012-05-23,2014-02-27,645,618.0,0
MAC004225,Std,2012-05-23,2014-02-27,645,622.0,0
MAC004268,Std,2012-05-24,2014-02-27,645,620.0,0
MAC004271,Std,2012-05-24,2014-02-27,644,620.0,0
MAC004335,Std,2012-03-14,2014-02-27,716,691.0,0
MAC004336,Std,2012-03-14,2014-02-27,716,688.0,0
MAC004375,Std,2012-03-16,2014-02-27,714,686.0,0
MAC004376,Std,2012-03-16,2014-02-27,714,681.0,0
MAC004477,Std,2011-12-17,2014-02-27,804,770.0,0
MAC004502,Std,2011-12-19,2014-02-27,802,762.0,0
MAC004666,Std,2012-07-12,2014-02-27,595,571.0,0
MAC004717,Std,2012-03-29,2014-02-27,700,670.0,0
MAC004721,Std,2012-03-31,2014-02-27,699,672.0,0
MAC004773,Std,2012-04-03,2014-02-27,696,669.0,0
MAC004865,Std,2011-12-30,2014-02-27,791,760.0,0
MAC004882,Std,2012-01-10,2014-02-27,780,745.0,0
MAC005024,Std,2012-01-30,2014-02-27,760,729.0,0
MAC005192,Std,2012-02-02,2014-02-27,757,729.0,0
MAC005323,Std,2012-02-17,2014-02-27,742,717.0,0
MAC005387,Std,2012-02-24,2014-02-27,735,706.0,0
MAC000728,ToU,2012-04-19,2014-02-27,680,655.0,0
MAC000739,ToU,2012-04-19,2014-02-27,677,650.0,0
MAC000805,ToU,2012-04-25,2014-02-27,673,648.0,0
MAC001182,ToU,2012-05-09,2014-02-18,649,623.0,0
MAC001335,ToU,2012-05-17,2014-02-27,651,622.0,0
MAC001336,ToU,2012-05-17,2014-02-27,651,627.0,0
MAC002134,ToU,2012-06-18,2014-02-27,620,597.0,0
MAC002148,ToU,2012-06-19,2014-02-27,619,596.0,0
MAC002246,ToU,2012-04-23,2014-02-27,675,651.0,0
MAC002264,ToU,2012-04-23,2014-02-27,673,644.0,0
MAC002574,ToU,2012-07-10,2014-02-27,597,575.0,0
MAC002891,ToU,2012-07-02,2014-02-27,604,583.0,0
MAC002959,ToU,2012-07-05,2014-02-27,603,579.0,0
MAC003430,ToU,2012-10-01,2014-02-27,515,493.0,0
MAC003436,ToU,2012-10-02,2014-02-27,513,495.0,0
MAC003525,ToU,2012-10-08,2014-02-27,508,486.0,0
MAC003677,ToU,2012-10-15,2014-02-27,500,481.0,0
MAC003728,ToU,2012-10-18,2014-02-27,498,477.0,0
MAC003915,ToU,2012-10-26,2014-02-27,490,465.0,0
MAC003916,ToU,2012-10-26,2014-02-27,490,464.0,0
MAC004392,ToU,2012-03-17,2013-07-07,478,460.0,1
MAC005197,ToU,2012-02-03,2014-02-27,756,730.0,0
MAC005341,ToU,2012-02-21,2014-02-27,738,713.0,0
MAC000118,Std,2011-12-14,2014-02-27,807,775.0,0
MAC000228,Std,2011-12-01,2014-02-27,820,790.0,0
MAC000238,Std,2011-12-02,2014-02-27,819,784.0,0
MAC000391,Std,2012-03-13,2014-02-27,717,685.0,0
MAC000581,Std,2012-04-11,2014-02-27,688,659.0,0
MAC000654,Std,2012-04-13,2014-02-27,686,662.0,0
MAC000762,Std,2012-04-20,2014-02-27,676,649.0,0
MAC000873,Std,2012-04-26,2014-02-27,671,646.0,0
MAC000951,Std,2012-08-03,2013-05-24,295,284.0,1
MAC000988,Std,2012-05-02,2013-04-03,334,322.0,1
MAC001029,Std,2012-05-02,2014-02-27,667,644.0,0
MAC001055,Std,2012-05-08,2014-02-27,659,633.0,0
MAC001056,Std,2012-05-08,2014-02-27,659,631.0,0
MAC001152,Std,2012-05-09,2014-02-27,659,630.0,0
MAC001320,Std,2012-05-17,2014-02-27,651,626.0,0
MAC001454,Std,2012-05-21,2013-08-21,456,437.0,1
MAC001604,Std,2012-05-25,2014-02-27,643,619.0,0
MAC001633,Std,2012-05-28,2012-12-16,199,190.0,1
MAC001729,Std,2012-06-01,2014-02-27,636,611.0,0
MAC001769,Std,2012-06-06,2014-02-27,632,602.0,0
MAC001894,Std,2012-06-08,2014-02-27,628,604.0,0
MAC001968,Std,2012-06-11,2013-10-21,497,478.0,1
MAC002001,Std,2012-06-12,2014-02-27,626,604.0,0
MAC002048,Std,2012-06-14,2014-02-27,623,595.0,0
MAC002308,Std,2012-04-24,2014-02-27,673,644.0,0
MAC002359,Std,2012-04-27,2014-02-27,669,639.0,0
MAC002429,Std,2012-04-30,2014-02-27,667,644.0,0
MAC002430,Std,2012-04-30,2014-02-27,667,642.0,0
MAC002599,Std,2012-07-10,2014-02-27,598,573.0,0
MAC002600,Std,2012-07-10,2014-02-27,598,577.0,0
MAC002647,Std,2012-05-03,2014-02-27,666,641.0,0
MAC002674,Std,2012-05-04,2014-02-27,663,637.0,0
MAC002711,Std,2012-05-05,2014-02-27,663,637.0,0
MAC002873,Std,2012-05-11,2014-02-27,656,626.0,0
MAC002961,Std,2012-07-03,2014-02-27,604,581.0,0
MAC003002,Std,2012-07-04,2014-02-27,604,582.0,0
MAC003083,Std,2012-05-16,2014-02-27,653,628.0,0
MAC003153,Std,2012-07-14,2014-02-27,594,574.0,0
MAC003159,Std,2012-07-18,2014-02-27,590,569.0,0
MAC003190,Std,2012-09-14,2014-02-27,532,509.0,0
MAC003377,Std,2012-09-27,2014-02-27,519,499.0,0
MAC003710,Std,2012-10-17,2014-02-27,498,478.0,0
MAC003755,Std,2012-10-19,2014-02-27,497,477.0,0
MAC003756,Std,2012-10-19,2014-02-27,497,476.0,0
MAC004041,Std,2012-07-06,2014-02-27,602,580.0,0
MAC004237,Std,2012-05-23,2014-02-27,645,620.0,0
MAC004280,Std,2012-05-24,2014-02-27,644,618.0,0
MAC004355,Std,2012-03-15,2014-02-27,713,686.0,0
MAC004356,Std,2012-03-15,2014-02-27,715,682.0,0
MAC004383,Std,2012-03-16,2014-02-27,714,687.0,0
MAC004447,Std,2012-03-20,2014-02-27,710,682.0,0
MAC004517,Std,2011-12-20,2014-02-27,801,772.0,0
MAC004629,Std,2012-07-11,2014-02-27,597,573.0,0
MAC004665,Std,2012-07-12,2014-02-27,595,572.0,0
MAC004712,Std,2012-07-14,2013-11-17,492,473.0,1
MAC004841,Std,2012-04-10,2014-02-27,685,658.0,0
MAC004959,Std,2012-01-23,2014-02-27,767,741.0,0
MAC004998,Std,2012-01-27,2014-02-27,763,733.0,0
MAC005072,Std,2012-05-30,2014-02-27,639,614.0,0
MAC005096,Std,2012-05-30,2014-02-27,637,615.0,0
MAC005123,Std,2012-05-31,2014-02-27,637,611.0,0
MAC005144,Std,2012-05-31,2014-02-27,636,610.0,0
MAC005253,Std,2012-02-07,2014-02-27,752,721.0,0
MAC005422,Std,2012-02-29,2014-02-27,730,703.0,0
MAC005503,Std,2012-04-17,2014-02-27,680,655.0,0
MAC001023,ToU,2012-05-02,2014-02-27,666,636.0,0
MAC002013,ToU,2012-06-14,2014-02-27,624,599.0,0
MAC002534,ToU,2012-07-10,2014-02-27,597,575.0,0
MAC002732,ToU,2012-05-08,2014-02-27,659,629.0,0
MAC002868,ToU,2012-05-11,2014-02-27,630,600.0,0
MAC002879,ToU,2012-06-30,2014-02-25,604,582.0,0
MAC003019,ToU,2012-05-15,2014-02-27,652,625.0,0
MAC003201,ToU,2012-09-14,2014-02-27,532,506.0,0
MAC003238,ToU,2012-09-18,2014-02-27,527,505.0,0
MAC004350,ToU,2012-03-15,2014-02-27,715,687.0,0
MAC004733,ToU,2012-04-02,2014-02-27,695,664.0,0
MAC000364,Std,2012-03-12,2014-02-27,718,685.0,0
MAC000435,Std,2012-03-22,2014-02-27,708,678.0,0
MAC000436,Std,2012-03-22,2014-02-27,708,676.0,0
MAC000477,Std,2012-03-23,2014-02-27,706,675.0,0
MAC000574,Std,2012-04-11,2014-02-27,684,656.0,0
MAC000619,Std,2012-04-12,2012-12-02,235,224.0,1
MAC000692,Std,2012-04-18,2014-02-27,678,652.0,0
MAC000733,Std,2012-04-19,2013-11-17,577,557.0,1
MAC000767,Std,2012-04-20,2014-02-27,677,655.0,0
MAC000800,Std,2012-04-25,2014-02-27,674,648.0,0
MAC000806,Std,2012-04-25,2014-02-27,673,643.0,0
MAC000853,Std,2012-04-26,2014-02-27,672,646.0,0
MAC000925,Std,2012-05-01,2013-07-02,427,409.0,1
MAC000926,Std,2012-05-01,2014-02-27,667,638.0,0
MAC001047,Std,2012-05-03,2014-02-27,666,640.0,0
MAC001187,Std,2012-05-11,2014-02-27,656,632.0,0
MAC001211,Std,2012-05-12,2013-12-04,570,547.0,0
MAC001243,Std,2012-05-14,2014-02-27,649,624.0,0
MAC001330,Std,2012-05-17,2014-02-27,648,625.0,0
MAC001433,Std,2012-05-18,2014-02-27,649,622.0,0
MAC001465,Std,2012-05-21,2013-11-20,548,519.0,1
MAC001664,Std,2012-05-28,2014-02-27,640,617.0,0
MAC001703,Std,2012-05-29,2014-02-27,638,616.0,0
MAC001783,Std,2012-06-06,2013-12-18,557,533.0,0
MAC001809,Std,2012-06-06,2014-02-27,631,608.0,0
MAC001914,Std,2012-06-09,2014-02-27,627,603.0,0
MAC001947,Std,2012-06-11,2014-02-27,627,601.0,0
MAC002200,Std,2012-06-25,2013-06-13,354,340.0,1
MAC002347,Std,2012-04-25,2014-02-27,673,646.0,0
MAC002642,Std,2012-05-03,2014-02-27,664,638.0,0
MAC002682,Std,2012-05-04,2014-02-27,665,640.0,0
MAC002779,Std,2012-05-10,2014-02-27,656,628.0,0
MAC003173,Std,2012-09-12,2014-02-27,533,513.0,0
MAC003216,Std,2012-09-17,2014-02-27,529,509.0,0
MAC003261,Std,2012-09-19,2014-02-27,526,508.0,0
MAC003303,Std,2012-09-24,2014-02-27,521,501.0,0
MAC003348,Std,2012-12-11,2014-02-27,443,427.0,0
MAC003609,Std,2012-10-11,2014-02-27,505,486.0,0
MAC003657,Std,2012-10-12,2014-02-27,504,483.0,0
MAC003864,Std,2012-10-25,2014-02-27,491,475.0,0
MAC003870,Std,2012-10-25,2014-02-27,491,472.0,0
MAC004220,Std,2012-05-23,2014-02-27,645,621.0,0
MAC004344,Std,2012-03-15,2014-02-27,715,689.0,0
MAC004404,Std,2012-03-19,2014-02-27,711,685.0,0
MAC004442,Std,2012-03-20,2014-02-27,710,680.0,0
MAC004507,Std,2011-12-19,2014-02-27,802,771.0,0
MAC004577,Std,2011-12-28,2014-02-27,793,762.0,0
MAC004695,Std,2012-07-13,2014-02-27,595,573.0,0
MAC004796,Std,2012-04-04,2014-02-27,691,662.0,0
MAC004866,Std,2011-12-30,2014-02-27,791,763.0,0
MAC004894,Std,2012-01-14,2014-02-27,776,746.0,0
MAC004953,Std,2012-01-23,2014-02-27,767,740.0,0
MAC004967,Std,2012-01-24,2014-02-27,766,738.0,0
MAC005077,Std,2012-05-30,2013-07-26,423,405.0,1
MAC005224,Std,2012-02-06,2014-02-27,753,724.0,0
MAC005329,Std,2012-02-20,2014-02-27,739,712.0,0
MAC005393,Std,2012-02-27,2014-02-27,732,705.0,0
MAC005485,Std,2012-04-16,2014-02-27,681,657.0,0
MAC005486,Std,2012-04-16,2014-02-27,680,656.0,0
MAC005542,Std,2012-04-18,2014-01-29,649,625.0,0
MAC000965,ToU,2012-05-01,2014-02-27,665,641.0,0
MAC001074,ToU,2012-05-08,2012-12-20,225,216.0,1
MAC001471,ToU,2012-05-21,2014-02-27,646,622.0,0
MAC002156,ToU,2012-06-19,2014-02-27,619,595.0,0
MAC002589,ToU,2012-07-10,2014-02-27,598,573.0,0
MAC002935,ToU,2012-07-02,2014-02-27,605,581.0,0
MAC003047,ToU,2012-05-15,2014-02-27,654,628.0,0
MAC003419,ToU,2012-10-01,2014-02-27,514,493.0,0
MAC004551,ToU,2011-12-22,2014-02-27,799,767.0,0
MAC004604,ToU,2012-07-11,2014-02-27,597,571.0,0
MAC000454,Std,2012-03-23,2014-02-27,705,679.0,0
MAC000613,Std,2012-04-12,2014-02-27,687,660.0,0
MAC000646,Std,2012-04-13,2014-02-27,686,659.0,0
MAC000776,Std,2012-04-20,2014-02-27,678,652.0,0
MAC000831,Std,2012-04-26,2014-02-27,671,638.0,0
MAC001112,Std,2012-05-08,2014-02-27,660,636.0,0
MAC001231,Std,2012-05-14,2013-03-18,309,296.0,1
MAC001255,Std,2012-05-14,2014-02-27,652,626.0,0
MAC001256,Std,2012-05-14,2014-02-27,653,626.0,0
MAC001311,Std,2012-05-15,2013-02-26,287,276.0,1
MAC001460,Std,2012-05-21,2014-02-27,646,623.0,0
MAC001624,Std,2012-05-26,2014-02-27,643,618.0,0
MAC001763,Std,2012-06-02,2014-02-13,582,558.0,0
MAC001831,Std,2012-06-07,2014-02-27,629,601.0,0
MAC002320,Std,2012-04-24,2014-02-27,675,652.0,0
MAC002363,Std,2012-04-27,2014-02-27,670,642.0,0
MAC002440,Std,2012-04-30,2014-02-27,668,643.0,0
MAC002478,Std,2012-05-01,2014-02-27,665,641.0,0
MAC002666,Std,2012-05-04,2014-02-27,662,630.0,0
MAC002693,Std,2012-05-05,2014-02-27,664,636.0,0
MAC002737,Std,2012-05-08,2014-02-27,658,635.0,0
MAC002793,Std,2012-05-10,2014-02-27,658,633.0,0
MAC002799,Std,2012-05-10,2014-02-27,659,635.0,0
MAC002831,Std,2012-05-11,2014-02-27,655,632.0,0
MAC002994,Std,2012-07-04,2014-02-27,602,580.0,0
MAC003042,Std,2012-05-15,2014-02-27,652,621.0,0
MAC003129,Std,2012-05-16,2014-02-27,652,623.0,0
MAC003215,Std,2012-09-17,2014-02-27,517,497.0,0
MAC003317,Std,2012-09-24,2014-02-27,521,500.0,0
MAC003354,Std,2012-09-26,2014-02-27,520,499.0,0
MAC003391,Std,2012-09-28,2014-02-27,518,496.0,0
MAC003526,Std,2012-10-08,2014-02-27,508,485.0,0
MAC003570,Std,2012-10-09,2014-02-27,507,485.0,0
MAC003624,Std,2012-10-11,2014-02-27,505,483.0,0
MAC003876,Std,2012-10-25,2014-02-27,491,474.0,0
MAC003976,Std,2012-07-06,2014-02-27,602,574.0,0
MAC004009,Std,2012-07-06,2014-02-27,602,578.0,0
MAC004055,Std,2012-07-07,2014-02-27,600,576.0,0
MAC004056,Std,2012-07-07,2014-02-27,601,575.0,0
MAC004175,Std,2012-05-21,2014-02-27,646,620.0,0
MAC004240,Std,2012-05-23,2013-06-05,379,362.0,1
MAC004463,Std,2011-12-17,2014-02-27,804,777.0,0
MAC004541,Std,2011-12-21,2014-02-27,800,766.0,0
MAC004790,Std,2012-04-04,2014-02-27,694,666.0,0
MAC004859,Std,2011-12-30,2014-02-27,791,761.0,0
MAC004860,Std,2011-12-30,2014-02-27,791,762.0,0
MAC004907,Std,2012-01-18,2014-02-27,706,675.0,0
MAC005010,Std,2012-01-28,2014-02-27,762,731.0,0
MAC005084,Std,2012-05-30,2013-07-24,419,401.0,1
MAC005108,Std,2012-05-30,2014-02-27,637,614.0,0
MAC005167,Std,2012-06-01,2014-02-27,635,611.0,0
MAC005399,Std,2012-02-27,2014-02-27,732,705.0,0
MAC005480,Std,2012-04-16,2014-02-27,682,659.0,0
MAC000640,ToU,2012-04-13,2014-02-27,686,657.0,0
MAC001402,ToU,2012-05-17,2014-02-27,651,627.0,0
MAC001538,ToU,2012-05-22,2014-02-27,645,619.0,0
MAC003541,ToU,2012-10-08,2014-02-27,508,483.0,0
MAC003852,ToU,2012-10-24,2014-02-27,492,472.0,0
MAC003998,ToU,2012-07-06,2014-02-27,602,579.0,0
MAC004065,ToU,2012-05-18,2014-02-27,651,629.0,0
MAC002940,Std,2012-07-05,2014-02-27,603,583.0,0
MAC002953,Std,2012-07-05,2014-02-27,603,581.0,0
MAC002606,Std,2012-07-10,2014-02-27,598,576.0,0
MAC003576,Std,2012-10-09,2013-11-16,404,387.0,1
MAC002184,Std,2012-06-23,2014-02-27,615,591.0,0
MAC002547,Std,2012-07-09,2014-02-27,599,576.0,0
MAC004674,Std,2012-07-12,2014-02-27,596,570.0,0
MAC004506,ToU,2011-12-19,2014-02-27,802,768.0,0
MAC004716,ToU,2012-03-29,2014-02-27,699,665.0,0
MAC004768,ToU,2012-04-03,2014-02-27,696,669.0,0
MAC005069,ToU,2012-05-29,2014-02-27,640,615.0,0
MAC005070,ToU,2012-05-30,2014-02-27,638,612.0,0
MAC005173,ToU,2012-06-01,2014-02-27,635,606.0,0
MAC005179,ToU,2012-02-02,2014-02-27,757,726.0,0
MAC005449,ToU,2012-04-16,2014-02-27,681,650.0,0
MAC000002,Std,2012-10-12,2014-02-27,503,482.0,0
MAC000140,Std,2011-12-16,2014-02-27,805,777.0,0
MAC000203,Std,2011-11-29,2014-02-27,822,784.0,0
MAC000263,Std,2011-12-05,2014-02-27,816,775.0,0
MAC000281,Std,2012-03-01,2014-02-27,729,701.0,0
MAC000322,Std,2012-03-06,2014-02-27,723,696.0,0
MAC000380,Std,2012-03-13,2014-02-27,717,688.0,0
MAC000385,Std,2012-03-13,2014-02-27,717,687.0,0
MAC000386,Std,2012-03-13,2014-02-27,716,687.0,0
MAC000420,Std,2012-03-21,2014-02-27,707,682.0,0
MAC000459,Std,2012-03-23,2014-02-27,707,681.0,0
MAC000564,Std,2012-04-11,2014-02-27,684,657.0,0
MAC000882,Std,2012-04-27,2014-02-27,670,638.0,0
MAC000918,Std,2012-04-27,2014-02-27,671,644.0,0
MAC000922,Std,2012-04-27,2014-02-27,671,641.0,0
MAC001073,Std,2012-05-08,2014-02-27,659,632.0,0
MAC001123,Std,2012-05-08,2014-02-27,660,632.0,0
MAC001155,Std,2012-05-09,2013-10-11,410,397.0,1
MAC001252,Std,2012-05-14,2014-02-27,652,626.0,0
MAC001388,Std,2012-05-17,2014-02-27,652,621.0,0
MAC001506,Std,2012-05-22,2014-02-27,646,623.0,0
MAC001623,Std,2012-05-26,2014-02-27,642,617.0,0
MAC001649,Std,2012-05-28,2014-02-27,638,613.0,0
MAC001866,Std,2012-06-08,2014-02-27,628,604.0,0
MAC001913,Std,2012-06-09,2014-02-27,629,607.0,0
MAC001940,Std,2012-06-11,2014-02-27,626,604.0,0
MAC001974,Std,2012-06-12,2014-02-27,623,598.0,0
MAC002051,Std,2012-06-14,2014-02-27,623,596.0,0
MAC002202,Std,2012-06-25,2014-02-27,613,589.0,0
MAC002253,Std,2012-04-23,2014-02-27,675,648.0,0
MAC002340,Std,2012-04-24,2014-02-27,672,644.0,0
MAC002373,Std,2012-04-28,2013-09-03,491,468.0,1
MAC002437,Std,2012-04-30,2014-02-27,668,642.0,0
MAC002523,Std,2012-07-09,2014-02-27,599,576.0,0
MAC002561,Std,2012-07-09,2014-02-27,597,574.0,0
MAC002584,Std,2012-07-10,2014-02-27,598,575.0,0
MAC002624,Std,2012-05-03,2014-02-25,664,638.0,0
MAC002818,Std,2012-05-11,2014-02-27,656,631.0,0
MAC002854,Std,2012-05-11,2014-02-27,657,631.0,0
MAC002937,Std,2012-07-02,2014-02-27,606,582.0,0
MAC002978,Std,2012-07-05,2013-07-04,365,352.0,1
MAC003006,Std,2012-05-15,2013-11-22,557,534.0,1
MAC003046,Std,2012-05-15,2014-02-27,654,628.0,0
MAC003139,Std,2012-07-14,2014-02-27,594,569.0,0
MAC003166,Std,2012-07-31,2014-02-27,576,552.0,0
MAC003359,Std,2012-09-27,2014-02-27,494,475.0,0
MAC003405,Std,2012-09-28,2014-02-27,518,499.0,0
MAC003406,Std,2012-09-28,2014-02-27,518,499.0,0
MAC003450,Std,2012-10-02,2014-02-27,514,494.0,0
MAC003533,Std,2012-10-08,2014-02-27,508,489.0,0
MAC003629,Std,2012-10-11,2014-02-07,485,464.0,0
MAC003698,Std,2012-10-17,2014-02-27,498,471.0,0
MAC003832,Std,2012-10-23,2014-02-27,493,470.0,0
MAC003894,Std,2012-10-26,2014-02-27,490,471.0,0
MAC003987,Std,2012-07-06,2014-02-27,602,577.0,0
MAC004020,Std,2012-07-06,2014-02-27,602,579.0,0
MAC004116,Std,2012-05-19,2014-02-27,649,619.0,0
MAC004121,Std,2012-05-19,2014-02-27,650,625.0,0
MAC004160,Std,2012-05-21,2013-01-23,248,237.0,1
MAC004187,Std,2012-05-21,2014-02-27,647,619.0,0
MAC004251,Std,2012-05-23,2014-02-27,646,622.0,0
MAC004287,Std,2012-05-24,2014-02-27,644,620.0,0
MAC004357,Std,2012-03-15,2014-02-27,715,687.0,0
MAC004390,Std,2012-03-17,2014-02-27,713,687.0,0
MAC004458,Std,2011-12-16,2014-02-27,805,774.0,0
MAC004510,Std,2011-12-20,2014-02-27,801,773.0,0
MAC004564,Std,2011-12-22,2014-02-27,799,770.0,0
MAC004588,Std,2012-07-11,2014-02-27,596,571.0,0
MAC004624,Std,2012-07-11,2013-07-03,358,342.0,1
MAC004702,Std,2012-07-13,2014-02-27,594,574.0,0
MAC004734,Std,2012-04-02,2014-02-27,697,670.0,0
MAC004854,Std,2011-12-29,2013-02-27,411,393.0,1
MAC004871,Std,2012-01-03,2013-07-03,548,527.0,1
MAC004899,Std,2012-01-16,2014-02-27,774,743.0,0
MAC004900,Std,2012-01-16,2014-02-27,774,745.0,0
MAC004922,Std,2012-01-20,2014-02-27,770,745.0,0
MAC004941,Std,2012-01-21,2014-02-27,769,741.0,0
MAC004966,Std,2012-01-24,2014-02-27,766,739.0,0
MAC005233,Std,2012-02-06,2014-02-27,753,725.0,0
MAC005289,Std,2012-02-13,2014-02-27,746,717.0,0
MAC005373,Std,2012-02-23,2014-02-27,736,707.0,0
MAC005408,Std,2012-02-28,2014-02-27,731,704.0,0
MAC005443,Std,2012-04-16,2014-02-27,679,655.0,0
MAC005545,Std,2012-04-18,2014-02-27,680,654.0,0
MAC005546,Std,2012-04-18,2014-02-27,678,653.0,0
MAC001015,ToU,2012-05-02,2014-02-27,666,640.0,0
MAC001016,ToU,2012-05-02,2014-02-27,667,641.0,0
MAC001092,ToU,2012-05-08,2014-02-27,658,629.0,0
MAC001097,ToU,2012-05-08,2014-02-27,659,632.0,0
MAC001756,ToU,2012-06-02,2014-02-27,635,613.0,0
MAC001770,ToU,2012-06-06,2014-02-27,632,607.0,0
MAC001928,ToU,2012-06-09,2014-02-27,627,599.0,0
MAC002029,ToU,2012-06-13,2014-02-27,624,601.0,0
MAC002645,ToU,2012-05-03,2014-02-27,662,636.0,0
MAC004025,ToU,2012-07-06,2014-02-27,602,579.0,0
MAC004206,ToU,2012-05-23,2014-02-27,644,621.0,0
MAC005017,ToU,2012-01-30,2014-02-27,760,732.0,0
MAC005023,ToU,2012-01-30,2014-02-27,760,725.0,0
MAC005076,ToU,2012-05-30,2014-02-27,638,612.0,0
MAC005083,ToU,2012-05-30,2014-02-27,637,613.0,0
MAC005149,ToU,2012-05-31,2014-02-27,638,610.0,0
MAC005529,ToU,2012-04-17,2014-02-27,681,654.0,0
MAC000061,Std,2011-12-09,2014-02-27,812,778.0,0
MAC000093,Std,2011-12-12,2014-02-27,809,770.0,0
MAC000132,Std,2011-12-15,2014-02-27,806,770.0,0
MAC000191,Std,2011-11-28,2014-02-27,823,784.0,0
MAC000217,Std,2011-11-30,2014-02-27,821,784.0,0
MAC000277,Std,2012-02-29,2014-02-27,730,705.0,0
MAC000327,Std,2012-03-07,2014-02-27,723,691.0,0
MAC000363,Std,2012-03-12,2014-02-27,718,691.0,0
MAC000490,Std,2012-03-24,2014-02-27,706,678.0,0
MAC000642,Std,2012-04-13,2014-02-27,686,656.0,0
MAC000756,Std,2012-04-20,2014-02-27,677,654.0,0
MAC000760,Std,2012-04-20,2014-01-22,641,613.0,0
MAC000787,Std,2012-04-20,2014-02-27,678,650.0,0
MAC000864,Std,2012-04-26,2014-02-27,671,637.0,0
MAC000941,Std,2012-05-01,2014-02-27,667,638.0,0
MAC001008,Std,2012-05-02,2014-02-27,665,641.0,0
MAC001010,Std,2012-05-02,2014-02-27,664,634.0,0
MAC001065,Std,2012-05-08,2012-12-16,221,211.0,1
MAC001066,Std,2012-05-08,2014-02-27,658,628.0,0
MAC001171,Std,2012-05-09,2014-02-27,658,633.0,0
MAC001203,Std,2012-05-11,2014-02-27,657,628.0,0
MAC001327,Std,2012-05-16,2014-02-27,650,623.0,0
MAC001378,Std,2012-05-17,2014-02-27,650,626.0,0
MAC001424,Std,2012-05-18,2014-02-27,650,627.0,0
MAC001500,Std,2012-05-22,2014-02-27,645,621.0,0
MAC001578,Std,2012-05-25,2014-02-27,643,621.0,0
MAC001609,Std,2012-05-25,2014-02-27,642,620.0,0
MAC001611,Std,2012-05-25,2014-02-27,643,616.0,0
MAC001804,Std,2012-06-06,2014-02-27,630,601.0,0
MAC001843,Std,2012-06-07,2014-02-27,606,579.0,0
MAC001887,Std,2012-06-08,2013-01-09,214,203.0,1
MAC001954,Std,2012-06-11,2014-02-27,626,603.0,0
MAC002023,Std,2012-06-14,2014-02-13,609,583.0,0
MAC002259,Std,2012-04-23,2014-02-27,676,652.0,0
MAC002297,Std,2012-04-24,2014-02-27,661,636.0,0
MAC002458,Std,2012-04-30,2014-02-27,669,644.0,0
MAC002539,Std,2012-07-09,2014-02-27,599,575.0,0
MAC002540,Std,2012-07-09,2014-01-27,568,548.0,0
MAC002579,Std,2012-07-10,2014-02-27,598,573.0,0
MAC002653,Std,2012-05-04,2014-02-27,663,632.0,0
MAC002685,Std,2012-05-04,2014-02-27,663,639.0,0
MAC002730,Std,2012-05-08,2014-02-27,653,627.0,0
MAC002735,Std,2012-06-21,2014-02-27,617,593.0,0
MAC002843,Std,2012-05-11,2014-02-27,656,625.0,0
MAC002849,Std,2012-05-11,2014-02-27,657,631.0,0
MAC003014,Std,2012-05-15,2012-12-19,217,209.0,1
MAC003092,Std,2012-05-16,2014-02-27,641,609.0,0
MAC003160,Std,2012-07-20,2014-02-27,588,568.0,0
MAC003192,Std,2012-09-14,2014-02-27,531,512.0,0
MAC003228,Std,2012-09-17,2014-02-27,529,507.0,0
MAC003310,Std,2012-09-24,2014-02-27,522,500.0,0
MAC003370,Std,2012-09-27,2014-02-27,519,500.0,0
MAC003375,Std,2012-09-27,2014-02-27,519,501.0,0
MAC003376,Std,2012-09-27,2014-02-27,516,492.0,0
MAC003421,Std,2012-10-01,2014-02-27,515,492.0,0
MAC003623,Std,2012-10-11,2014-02-27,505,485.0,0
MAC003701,Std,2012-10-17,2014-02-27,498,476.0,0
MAC003752,Std,2012-10-18,2014-02-27,497,477.0,0
MAC003843,Std,2012-10-23,2014-02-27,493,475.0,0
MAC003958,Std,2012-07-06,2014-02-27,602,580.0,0
MAC004004,Std,2012-07-06,2014-02-27,602,579.0,0
MAC004094,Std,2012-05-18,2014-02-27,650,624.0,0
MAC004135,Std,2012-05-19,2014-02-27,649,614.0,0
MAC004136,Std,2012-05-21,2014-02-27,648,624.0,0
MAC004177,Std,2012-05-21,2014-02-27,647,620.0,0
MAC004332,Std,2012-03-14,2014-02-27,716,691.0,0
MAC004421,Std,2012-03-19,2014-02-27,711,685.0,0
MAC004500,Std,2011-12-19,2014-02-27,802,774.0,0
MAC004530,Std,2011-12-21,2014-02-27,781,751.0,0
MAC004679,Std,2012-07-13,2012-12-01,142,135.0,1
MAC005063,Std,2012-05-29,2014-02-27,639,616.0,0
MAC005089,Std,2012-05-30,2014-02-27,638,615.0,0
MAC005092,Std,2012-05-30,2013-01-08,221,211.0,1
MAC005143,Std,2012-05-31,2014-02-27,635,610.0,0
MAC005239,Std,2012-02-06,2014-02-27,753,726.0,0
MAC005379,Std,2012-02-24,2014-02-27,735,706.0,0
MAC005380,Std,2012-02-24,2014-02-27,735,709.0,0
MAC000653,ToU,2012-04-13,2014-02-27,685,659.0,0
MAC000887,ToU,2012-04-27,2014-02-27,672,644.0,0
MAC001132,ToU,2012-05-09,2014-02-27,657,629.0,0
MAC001364,ToU,2012-05-17,2014-02-27,649,628.0,0
MAC001512,ToU,2012-05-22,2014-02-27,646,623.0,0
MAC001865,ToU,2012-06-07,2014-02-27,631,600.0,0
MAC002292,ToU,2012-04-23,2014-02-27,676,651.0,0
MAC002694,ToU,2012-05-05,2014-02-27,663,639.0,0
MAC002701,ToU,2012-05-05,2014-02-27,663,636.0,0
MAC003045,ToU,2012-05-15,2014-02-27,651,625.0,0
MAC003272,ToU,2012-09-20,2014-02-27,526,507.0,0
MAC003333,ToU,2012-09-25,2014-02-27,520,497.0,0
MAC003648,ToU,2012-10-12,2014-02-27,503,481.0,0
MAC003808,ToU,2012-10-22,2014-02-27,493,475.0,0
MAC003823,ToU,2012-10-23,2014-02-27,492,472.0,0
MAC003829,ToU,2012-10-23,2014-02-27,493,472.0,0
MAC003968,ToU,2012-07-06,2014-02-27,602,580.0,0
MAC003977,ToU,2012-07-06,2014-02-27,600,577.0,0
MAC004159,ToU,2012-05-21,2014-02-27,648,623.0,0
MAC004445,ToU,2012-03-20,2014-02-27,603,581.0,0
MAC004697,ToU,2012-07-13,2014-01-26,561,538.0,0
MAC004710,ToU,2012-07-13,2014-02-27,595,572.0,0
MAC005190,ToU,2012-02-02,2014-02-27,757,726.0,0
MAC000081,Std,2011-12-10,2014-02-27,811,777.0,0
MAC000155,Std,2011-11-23,2014-02-27,828,791.0,0
MAC000156,Std,2011-11-23,2014-02-27,828,793.0,0
MAC000209,Std,2011-11-30,2014-02-27,821,789.0,0
MAC000212,Std,2011-11-30,2014-02-27,820,790.0,0
MAC000272,Std,2011-12-06,2014-02-27,815,785.0,0
MAC000341,Std,2012-03-08,2014-02-27,722,695.0,0
MAC000371,Std,2012-03-12,2014-02-27,718,690.0,0
MAC000425,Std,2012-03-21,2014-02-27,709,676.0,0
MAC000426,Std,2012-03-21,2014-02-27,707,680.0,0
MAC000750,Std,2012-04-20,2014-02-27,678,654.0,0
MAC000843,Std,2012-04-26,2014-02-27,672,645.0,0
MAC000849,Std,2012-04-26,2014-02-27,672,644.0,0
MAC000927,Std,2012-05-01,2014-02-27,667,640.0,0
MAC000973,Std,2012-05-02,2014-02-27,666,640.0,0
MAC001060,Std,2012-05-08,2014-02-27,659,636.0,0
MAC001180,Std,2012-05-09,2014-02-21,653,628.0,0
MAC001337,Std,2012-05-17,2014-02-27,649,627.0,0
MAC001400,Std,2012-05-17,2014-02-27,651,627.0,0
MAC001459,Std,2012-05-21,2014-02-27,648,625.0,0
MAC001517,Std,2012-05-22,2014-02-27,647,620.0,0
MAC001558,Std,2012-05-22,2014-02-27,646,623.0,0
MAC001561,Std,2012-05-22,2014-02-27,647,623.0,0
MAC001733,Std,2012-06-01,2014-02-27,635,613.0,0
MAC001775,Std,2012-06-06,2014-02-27,631,605.0,0
MAC001776,Std,2012-06-06,2014-02-27,628,604.0,0
MAC002014,Std,2012-06-14,2012-12-09,178,170.0,1
MAC002152,Std,2012-06-19,2014-02-27,618,594.0,0
MAC002157,Std,2012-06-19,2014-02-27,616,592.0,0
MAC002207,Std,2012-06-26,2013-02-17,237,228.0,1
MAC002263,Std,2012-04-23,2014-02-27,674,648.0,0
MAC002269,Std,2012-04-23,2014-02-27,675,652.0,0
MAC002379,Std,2012-04-28,2014-02-27,669,644.0,0
MAC002607,Std,2012-07-10,2014-02-27,597,575.0,0
MAC002640,Std,2012-05-03,2014-02-27,665,638.0,0
MAC002752,Std,2012-05-10,2014-02-27,657,633.0,0
MAC003071,Std,2012-05-15,2013-06-05,387,369.0,1
MAC003251,Std,2012-09-18,2014-02-27,528,506.0,0
MAC003514,Std,2012-10-05,2014-02-27,511,488.0,0
MAC003577,Std,2012-10-09,2014-02-27,507,487.0,0
MAC003676,Std,2012-10-15,2014-02-27,501,482.0,0
MAC003717,Std,2012-10-17,2014-02-27,499,481.0,0
MAC003872,Std,2012-10-25,2014-02-27,490,469.0,0
MAC004033,Std,2012-07-06,2013-07-16,376,360.0,1
MAC004072,Std,2012-05-18,2014-02-27,650,625.0,0
MAC004115,Std,2012-05-19,2014-02-27,648,625.0,0
MAC004153,Std,2012-05-21,2014-02-27,648,622.0,0
MAC004194,Std,2012-05-21,2014-02-27,647,625.0,0
MAC004227,Std,2012-05-23,2013-01-28,251,240.0,1
MAC004230,Std,2012-05-23,2014-02-27,639,615.0,0
MAC004368,Std,2012-03-16,2014-02-27,712,681.0,0
MAC004395,Std,2012-03-17,2014-02-27,713,688.0,0
MAC004470,Std,2011-12-17,2014-02-27,804,774.0,0
MAC004741,Std,2012-04-02,2014-02-27,696,666.0,0
MAC004971,Std,2012-01-24,2014-02-27,766,738.0,0
MAC005029,Std,2012-01-31,2014-02-27,759,727.0,0
MAC005307,Std,2012-02-15,2014-02-27,744,717.0,0
MAC005472,Std,2012-04-16,2014-02-27,683,656.0,0
MAC005504,Std,2012-04-17,2014-02-27,682,655.0,0
MAC000680,ToU,2012-04-18,2014-02-27,681,655.0,0
MAC000766,ToU,2012-04-20,2014-02-27,678,646.0,0
MAC000772,ToU,2012-04-20,2014-02-27,678,653.0,0
MAC001110,ToU,2012-05-08,2014-02-27,661,634.0,0
MAC001116,ToU,2012-05-08,2013-11-18,559,536.0,1
MAC001129,ToU,2012-05-09,2014-02-27,658,632.0,0
MAC001279,ToU,2012-05-14,2014-02-16,641,618.0,0
MAC001281,ToU,2012-05-14,2013-06-09,390,371.0,1
MAC001405,ToU,2012-05-18,2014-02-27,651,622.0,0
MAC001505,ToU,2012-05-22,2014-02-27,645,620.0,0
MAC001688,ToU,2012-05-29,2014-02-27,638,614.0,0
MAC002183,ToU,2012-06-23,2014-02-27,613,589.0,0
MAC002334,ToU,2012-04-24,2014-02-27,674,651.0,0
MAC002602,ToU,2012-07-10,2014-02-27,598,572.0,0
MAC003738,ToU,2012-10-18,2014-02-27,498,479.0,0
MAC004880,ToU,2012-01-07,2013-08-21,593,567.0,1
MAC005291,ToU,2012-02-13,2014-02-27,746,717.0,0
MAC005564,ToU,2012-07-17,2014-02-27,575,553.0,0
MAC000007,Std,2012-09-24,2014-02-27,522,499.0,0
MAC000038,Std,2011-12-08,2014-02-27,813,780.0,0
MAC000074,Std,2011-12-10,2014-02-27,811,779.0,0
MAC000103,Std,2011-12-13,2013-11-23,712,686.0,1
MAC000150,Std,2011-11-23,2014-02-27,828,794.0,0
MAC000189,Std,2011-11-28,2014-02-27,823,791.0,0
MAC000313,Std,2012-03-06,2014-02-22,719,695.0,0
MAC000444,Std,2012-03-22,2014-02-27,701,673.0,0
MAC000634,Std,2012-04-13,2014-02-27,686,662.0,0
MAC000671,Std,2012-04-18,2014-02-27,680,649.0,0
MAC000711,Std,2012-04-19,2014-02-27,652,626.0,0
MAC000823,Std,2012-04-25,2014-02-27,671,642.0,0
MAC000967,Std,2012-05-01,2014-02-27,667,634.0,0
MAC001052,Std,2012-05-03,2014-02-27,662,635.0,0
MAC001268,Std,2012-05-14,2014-02-27,654,625.0,0
MAC001489,Std,2012-05-22,2014-02-27,646,618.0,0
MAC001595,Std,2012-05-25,2014-02-27,644,619.0,0
MAC001643,Std,2012-05-28,2014-02-27,640,613.0,0
MAC001674,Std,2012-05-29,2014-02-27,637,610.0,0
MAC001860,Std,2012-06-07,2014-02-27,631,605.0,0
MAC002068,Std,2012-06-14,2014-01-07,564,543.0,0
MAC002139,Std,2012-06-18,2014-02-27,620,592.0,0
MAC002327,Std,2012-04-24,2014-02-27,673,644.0,0
MAC002384,Std,2012-04-28,2014-02-27,669,644.0,0
MAC002424,Std,2012-04-30,2014-02-27,666,640.0,0
MAC002447,Std,2012-04-30,2013-02-15,290,278.0,1
MAC002573,Std,2012-07-10,2014-02-27,598,575.0,0
MAC002659,Std,2012-05-04,2014-02-27,665,640.0,0
MAC002662,Std,2012-05-04,2014-02-27,664,634.0,0
MAC002757,Std,2012-05-10,2014-02-27,657,628.0,0
MAC002828,Std,2012-05-11,2014-02-27,656,631.0,0
MAC002914,Std,2012-07-02,2014-02-27,604,580.0,0
MAC002947,Std,2012-07-05,2014-02-27,603,579.0,0
MAC002999,Std,2012-08-03,2014-02-27,573,551.0,0
MAC003000,Std,2012-07-04,2014-02-27,604,580.0,0
MAC003133,Std,2012-05-16,2014-02-27,652,620.0,0
MAC003197,Std,2012-09-28,2013-03-10,164,158.0,1
MAC003339,Std,2012-09-26,2014-02-27,520,499.0,0
MAC003388,Std,2012-09-28,2014-02-27,518,499.0,0
MAC003437,Std,2012-10-02,2014-02-27,514,492.0,0
MAC003440,Std,2012-10-02,2014-02-27,514,488.0,0
MAC003522,Std,2012-10-08,2014-02-27,508,483.0,0
MAC003604,Std,2012-10-11,2014-02-27,505,487.0,0
MAC003670,Std,2012-10-15,2014-02-27,500,480.0,0
MAC003837,Std,2012-10-23,2014-02-27,493,473.0,0
MAC003972,Std,2012-07-06,2014-02-27,600,576.0,0
MAC004014,Std,2012-08-30,2014-02-27,547,524.0,0
MAC004057,Std,2012-07-07,2014-02-27,600,575.0,0
MAC004172,Std,2012-05-21,2014-02-27,646,619.0,0
MAC004205,Std,2012-05-23,2014-02-27,645,615.0,0
MAC004247,Std,2012-05-23,2014-02-27,643,618.0,0
MAC004372,Std,2012-03-16,2014-02-27,714,688.0,0
MAC004418,Std,2012-03-19,2014-02-27,711,687.0,0
MAC004575,Std,2011-12-28,2014-02-27,793,762.0,0
MAC004617,Std,2012-07-11,2014-02-27,597,575.0,0
MAC004652,Std,2012-07-12,2014-02-27,596,572.0,0
MAC004808,Std,2012-04-05,2014-02-27,693,667.0,0
MAC005302,Std,2012-02-15,2014-02-27,744,715.0,0
MAC005338,Std,2012-02-20,2014-02-27,739,709.0,0
MAC005420,Std,2012-02-29,2014-02-27,730,700.0,0
MAC005458,Std,2012-04-16,2014-02-27,682,654.0,0
MAC005487,Std,2012-04-17,2014-02-27,679,648.0,0
MAC005491,Std,2012-04-17,2014-02-27,681,652.0,0
MAC000146,ToU,2011-11-23,2013-01-18,423,406.0,1
MAC001034,ToU,2012-05-02,2014-02-27,665,639.0,0
MAC001057,ToU,2012-05-08,2014-02-27,661,635.0,0
MAC001750,ToU,2012-06-02,2014-02-27,634,608.0,0
MAC001755,ToU,2012-06-02,2014-02-27,634,608.0,0
MAC001849,ToU,2012-06-07,2014-02-27,628,604.0,0
MAC002242,ToU,2012-04-21,2014-02-27,677,651.0,0
MAC002463,ToU,2012-05-01,2014-02-27,666,639.0,0
MAC002983,ToU,2012-07-03,2014-02-27,605,582.0,0
MAC003165,ToU,2012-07-31,2014-02-27,570,548.0,0
MAC003298,ToU,2012-09-24,2014-02-27,520,494.0,0
MAC003315,ToU,2012-09-24,2014-02-27,522,504.0,0
MAC003321,ToU,2012-09-24,2014-02-27,521,500.0,0
MAC004236,ToU,2012-05-23,2014-02-27,646,623.0,0
MAC004811,ToU,2012-04-05,2014-02-27,693,668.0,0
MAC004965,ToU,2012-01-23,2014-02-27,767,740.0,0
MAC000019,Std,2011-12-07,2014-02-27,814,786.0,0
MAC000043,Std,2011-12-08,2014-02-27,812,780.0,0
MAC000137,Std,2011-12-15,2014-02-27,806,777.0,0
MAC000183,Std,2011-11-26,2014-02-27,808,772.0,0
MAC000269,Std,2011-12-05,2014-02-27,816,781.0,0
MAC000308,Std,2012-03-05,2014-02-27,725,698.0,0
MAC000432,Std,2012-03-22,2013-02-26,342,329.0,1
MAC000515,Std,2012-03-27,2014-02-27,702,671.0,0
MAC000516,Std,2012-03-27,2014-02-27,703,678.0,0
MAC000627,Std,2012-04-13,2014-02-27,686,661.0,0
MAC000659,Std,2012-04-14,2014-02-27,682,655.0,0
MAC000661,Std,2012-04-14,2014-02-27,685,659.0,0
MAC000695,Std,2012-04-19,2014-02-27,667,639.0,0
MAC000696,Std,2012-04-18,2014-02-27,680,655.0,0
MAC000741,Std,2012-04-19,2013-02-20,308,296.0,1
MAC000782,Std,2012-04-20,2014-02-27,677,655.0,0
MAC000811,Std,2012-04-25,2014-02-27,673,643.0,0
MAC000854,Std,2012-04-26,2014-02-27,672,646.0,0
MAC000891,Std,2012-04-27,2014-02-27,670,646.0,0
MAC000962,Std,2012-05-01,2014-02-27,666,640.0,0
MAC001040,Std,2012-05-03,2014-02-27,664,636.0,0
MAC001115,Std,2012-05-08,2013-02-26,295,284.0,1
MAC001161,Std,2012-05-09,2014-02-27,645,614.0,0
MAC001273,Std,2012-05-14,2014-02-27,655,622.0,0
MAC001332,Std,2012-05-17,2014-02-27,652,628.0,0
MAC001434,Std,2012-05-18,2014-02-27,650,621.0,0
MAC001581,Std,2012-05-25,2014-02-27,643,619.0,0
MAC001793,Std,2012-06-06,2014-02-27,631,607.0,0
MAC001919,Std,2012-06-09,2014-02-27,628,604.0,0
MAC002133,Std,2012-06-18,2014-02-27,620,592.0,0
MAC002311,Std,2012-04-24,2014-02-27,672,645.0,0
MAC002354,Std,2012-04-25,2014-02-27,669,645.0,0
MAC002529,Std,2012-07-09,2014-02-27,599,574.0,0
MAC002611,Std,2012-07-10,2014-02-27,598,576.0,0
MAC002884,Std,2012-07-02,2014-02-27,604,581.0,0
MAC003024,Std,2012-05-15,2014-02-27,646,621.0,0
MAC003304,Std,2012-09-24,2014-02-27,522,502.0,0
MAC003455,Std,2012-10-02,2014-02-27,514,490.0,0
MAC003456,Std,2012-10-02,2014-02-27,513,489.0,0
MAC003501,Std,2012-10-04,2014-02-27,512,489.0,0
MAC003598,Std,2012-10-10,2014-02-27,506,482.0,0
MAC003689,Std,2012-10-16,2014-02-27,498,478.0,0
MAC003763,Std,2012-10-19,2014-02-27,496,476.0,0
MAC003855,Std,2012-10-24,2014-02-27,492,472.0,0
MAC003856,Std,2012-10-24,2014-02-27,491,469.0,0
MAC003912,Std,2012-10-26,2014-02-27,489,468.0,0
MAC003917,Std,2012-10-26,2014-02-27,489,472.0,0
MAC004026,Std,2012-07-06,2014-02-27,602,580.0,0
MAC004077,Std,2012-05-18,2014-02-27,650,622.0,0
MAC004110,Std,2012-05-19,2014-02-27,650,622.0,0
MAC004147,Std,2012-05-21,2014-02-27,647,623.0,0
MAC004200,Std,2012-05-23,2014-02-27,646,620.0,0
MAC004222,Std,2012-05-23,2014-02-27,644,616.0,0
MAC004337,Std,2012-03-15,2014-02-27,715,689.0,0
MAC004377,Std,2012-03-16,2014-02-27,714,686.0,0
MAC004438,Std,2012-03-20,2014-02-27,710,684.0,0
MAC004440,Std,2012-03-20,2014-02-27,710,681.0,0
MAC004599,Std,2012-07-11,2014-02-27,597,573.0,0
MAC004603,Std,2012-07-11,2014-02-27,597,573.0,0
MAC004667,Std,2012-07-12,2014-02-27,595,572.0,0
MAC004673,Std,2012-07-12,2014-02-27,596,573.0,0
MAC004774,Std,2012-04-03,2014-02-27,693,666.0,0
MAC004862,Std,2011-12-30,2014-02-27,791,763.0,0
MAC005158,Std,2012-05-31,2013-03-10,282,272.0,1
MAC005229,Std,2012-02-06,2014-02-27,753,720.0,0
MAC005249,Std,2012-02-07,2014-02-27,752,723.0,0
MAC005385,Std,2012-02-24,2014-02-27,733,707.0,0
MAC005386,Std,2012-02-24,2014-02-13,721,696.0,0
MAC005425,Std,2012-04-14,2014-02-27,685,656.0,0
MAC005426,Std,2012-04-14,2014-02-27,684,655.0,0
MAC005523,Std,2012-04-17,2014-02-27,681,654.0,0
MAC000109,ToU,2011-12-13,2014-02-27,808,778.0,0
MAC000470,ToU,2012-03-23,2014-02-27,707,679.0,0
MAC000475,ToU,2012-03-23,2014-02-27,706,677.0,0
MAC001228,ToU,2012-05-14,2014-02-27,653,626.0,0
MAC002247,ToU,2012-04-23,2014-02-27,602,573.0,0
MAC002794,ToU,2012-05-10,2014-02-27,657,629.0,0
MAC002954,ToU,2012-07-05,2014-02-27,603,579.0,0
MAC003111,ToU,2012-05-16,2014-02-27,653,624.0,0
MAC003124,ToU,2012-05-16,2014-02-27,650,627.0,0
MAC003675,ToU,2012-10-15,2014-02-27,501,483.0,0
MAC004396,ToU,2012-03-17,2014-02-27,713,686.0,0
MAC004657,ToU,2012-07-12,2014-02-21,585,564.0,0
MAC005034,ToU,2012-01-31,2014-02-27,759,733.0,0
MAC005124,ToU,2012-05-31,2014-02-27,636,611.0,0
MAC005324,ToU,2012-02-18,2014-02-27,741,711.0,0
MAC005477,ToU,2012-04-16,2014-02-27,683,657.0,0
MAC005482,ToU,2012-04-16,2014-02-27,681,654.0,0
MAC000013,Std,2012-06-21,2014-02-27,617,592.0,0
MAC000099,Std,2011-12-12,2014-02-27,809,778.0,0
MAC000358,Std,2012-03-10,2013-05-21,438,421.0,1
MAC000437,Std,2012-03-22,2014-02-27,707,679.0,0
MAC000510,Std,2012-03-27,2014-02-27,702,676.0,0
MAC000551,Std,2012-04-11,2014-02-27,688,661.0,0
MAC000579,Std,2012-04-11,2014-02-27,688,662.0,0
MAC000622,Std,2012-04-13,2014-02-27,684,651.0,0
MAC000701,Std,2012-04-18,2014-02-27,679,651.0,0
MAC000798,Std,2012-04-25,2014-02-27,674,647.0,0
MAC000874,Std,2012-04-26,2014-02-27,673,647.0,0
MAC001257,Std,2012-05-14,2014-02-27,653,629.0,0
MAC001406,Std,2012-05-18,2014-02-27,650,626.0,0
MAC001453,Std,2012-05-21,2014-02-27,648,622.0,0
MAC001483,Std,2012-05-22,2014-02-27,646,617.0,0
MAC001634,Std,2012-05-28,2014-02-27,619,596.0,0
MAC001669,Std,2012-05-28,2014-02-27,641,617.0,0
MAC001811,Std,2012-06-06,2014-02-27,631,607.0,0
MAC001893,Std,2012-06-08,2014-02-27,627,602.0,0
MAC002081,Std,2012-06-17,2013-10-29,500,483.0,1
MAC002121,Std,2012-06-18,2014-02-27,620,597.0,0
MAC002189,Std,2012-06-23,2014-02-27,615,590.0,0
MAC002231,Std,2012-04-21,2014-02-27,677,652.0,0
MAC002469,Std,2012-05-01,2014-02-27,666,642.0,0
MAC002646,Std,2012-05-03,2014-02-27,665,638.0,0
MAC002667,Std,2012-05-04,2014-02-27,665,638.0,0
MAC003005,Std,2012-05-15,2014-02-27,652,629.0,0
MAC003084,Std,2012-05-16,2014-02-27,652,626.0,0
MAC003154,Std,2012-07-14,2014-02-27,594,573.0,0
MAC003188,Std,2012-09-13,2014-02-27,532,507.0,0
MAC003432,Std,2012-10-02,2014-02-27,511,490.0,0
MAC003481,Std,2012-10-03,2013-03-12,161,153.0,1
MAC003650,Std,2012-10-12,2014-02-27,504,484.0,0
MAC003712,Std,2012-11-06,2014-02-27,479,462.0,0
MAC003757,Std,2012-10-19,2014-02-27,497,476.0,0
MAC003798,Std,2012-10-22,2014-02-27,494,474.0,0
MAC003863,Std,2012-10-25,2014-02-27,491,471.0,0
MAC003908,Std,2012-10-26,2013-11-26,396,378.0,1
MAC003948,Std,2012-07-05,2014-02-27,603,575.0,0
MAC004165,Std,2012-05-21,2014-02-27,648,622.0,0
MAC004166,Std,2012-05-21,2014-02-27,647,623.0,0
MAC004235,Std,2012-05-23,2014-02-27,646,618.0,0
MAC004282,Std,2012-05-24,2014-02-27,642,617.0,0
MAC004328,Std,2012-03-14,2014-02-27,716,688.0,0
MAC004352,Std,2012-03-15,2014-02-27,714,684.0,0
MAC004384,Std,2012-03-16,2014-02-27,714,689.0,0
MAC004409,Std,2012-03-19,2014-02-27,711,684.0,0
MAC004446,Std,2012-03-20,2014-02-27,710,685.0,0
MAC004516,Std,2011-12-20,2014-02-27,801,762.0,0
MAC004662,Std,2012-07-12,2014-02-27,596,572.0,0
MAC004707,Std,2012-07-13,2014-02-27,595,571.0,0
MAC004715,Std,2012-03-28,2014-02-27,702,676.0,0
MAC004905,Std,2012-01-17,2014-02-27,773,742.0,0
MAC004906,Std,2012-01-17,2014-02-27,773,745.0,0
MAC004927,Std,2012-01-20,2014-02-27,770,742.0,0
MAC004960,Std,2012-01-23,2014-02-27,767,739.0,0
MAC004981,Std,2012-01-25,2014-02-27,765,738.0,0
MAC005075,Std,2012-05-30,2014-02-27,637,612.0,0
MAC005097,Std,2012-05-30,2014-02-27,636,614.0,0
MAC005118,Std,2012-05-31,2013-02-17,261,249.0,1
MAC005195,Std,2012-02-02,2014-02-27,757,730.0,0
MAC005254,Std,2012-02-07,2014-02-27,752,724.0,0
MAC005283,Std,2012-02-10,2014-02-27,749,718.0,0
MAC000402,ToU,2012-03-14,2014-02-27,716,685.0,0
MAC000464,ToU,2012-03-23,2014-02-27,707,678.0,0
MAC001024,ToU,2012-05-02,2014-02-27,666,637.0,0
MAC001156,ToU,2012-05-09,2014-02-27,659,634.0,0
MAC001322,ToU,2012-05-16,2014-02-27,651,627.0,0
MAC001590,ToU,2012-05-25,2014-02-27,643,618.0,0
MAC001596,ToU,2012-05-25,2013-09-29,492,471.0,1
MAC001694,ToU,2012-05-29,2014-02-27,638,612.0,0
MAC001704,ToU,2012-05-29,2014-02-27,638,609.0,0
MAC001851,ToU,2012-06-07,2014-02-27,627,605.0,0
MAC002113,ToU,2012-06-18,2014-02-27,620,599.0,0
MAC002418,ToU,2012-04-30,2014-02-27,666,643.0,0
MAC002432,ToU,2012-05-01,2014-02-27,667,644.0,0
MAC002533,ToU,2012-07-09,2014-02-27,599,577.0,0
MAC002673,ToU,2012-05-04,2014-02-27,664,638.0,0
MAC002874,ToU,2012-05-11,2014-02-27,656,631.0,0
MAC003097,ToU,2012-05-16,2014-02-27,653,626.0,0
MAC003581,ToU,2012-10-09,2014-02-27,507,487.0,0
MAC003769,ToU,2012-10-19,2014-02-27,496,479.0,0
MAC003982,ToU,2012-07-06,2014-02-27,601,569.0,0
MAC004593,ToU,2012-07-11,2014-02-27,596,570.0,0
MAC004893,ToU,2012-01-14,2013-03-03,415,400.0,1
MAC000055,Std,2011-12-09,2014-02-27,812,780.0,0
MAC000056,Std,2011-12-09,2014-02-27,812,775.0,0
MAC000407,Std,2012-03-21,2014-02-27,709,681.0,0
MAC000476,Std,2012-03-23,2014-02-27,707,676.0,0
MAC000573,Std,2012-04-11,2014-02-27,687,660.0,0
MAC000690,Std,2012-04-18,2014-02-27,679,655.0,0
MAC000734,Std,2012-04-19,2014-02-27,678,653.0,0
MAC000765,Std,2012-04-20,2014-02-27,677,649.0,0
MAC000802,Std,2012-04-25,2014-02-27,674,648.0,0
MAC001045,Std,2012-05-03,2013-03-26,327,312.0,1
MAC001046,Std,2012-05-03,2013-04-08,341,329.0,1
MAC001079,Std,2012-05-08,2014-02-27,654,624.0,0
MAC001137,Std,2012-05-09,2014-02-27,657,630.0,0
MAC001185,Std,2012-05-11,2014-02-27,656,628.0,0
MAC001186,Std,2012-05-11,2014-02-27,656,629.0,0
MAC001244,Std,2012-05-14,2014-02-27,652,627.0,0
MAC001358,Std,2012-05-17,2014-02-27,650,626.0,0
MAC001467,Std,2012-05-21,2014-02-27,646,618.0,0
MAC001528,Std,2012-05-22,2014-02-27,645,620.0,0
MAC001603,Std,2012-05-25,2014-02-27,641,612.0,0
MAC001629,Std,2012-05-28,2013-02-17,263,254.0,1
MAC001663,Std,2012-05-28,2014-02-27,626,602.0,0
MAC001739,Std,2012-06-01,2014-02-27,631,610.0,0
MAC001784,Std,2012-06-06,2014-02-27,630,603.0,0
MAC001878,Std,2012-06-08,2014-02-27,628,605.0,0
MAC001882,Std,2012-06-08,2014-02-27,629,606.0,0
MAC001945,Std,2012-06-11,2014-02-27,624,602.0,0
MAC001946,Std,2012-06-11,2014-02-27,626,602.0,0
MAC001994,Std,2012-06-12,2014-02-27,625,599.0,0
MAC002038,Std,2012-06-13,2014-02-27,624,602.0,0
MAC002278,Std,2012-04-23,2014-02-27,673,646.0,0
MAC002345,Std,2012-04-25,2014-02-27,673,645.0,0
MAC002545,Std,2012-07-09,2013-11-22,502,482.0,1
MAC002546,Std,2012-07-09,2014-02-27,598,576.0,0
MAC002594,Std,2012-07-10,2014-02-27,598,576.0,0
MAC002748,Std,2012-05-09,2014-02-27,660,631.0,0
MAC002942,Std,2012-07-05,2014-02-27,601,578.0,0
MAC002989,Std,2012-07-04,2013-05-09,309,295.0,1
MAC003058,Std,2012-05-15,2014-02-27,652,622.0,0
MAC003146,Std,2012-07-14,2014-02-27,593,571.0,0
MAC003174,Std,2012-09-12,2014-02-27,534,515.0,0
MAC003217,Std,2012-09-17,2014-02-27,528,509.0,0
MAC003400,Std,2012-09-28,2014-02-27,518,494.0,0
MAC003611,Std,2012-10-11,2014-02-27,505,486.0,0
MAC003655,Std,2012-10-12,2014-02-27,504,484.0,0
MAC003656,Std,2012-10-12,2014-02-27,503,484.0,0
MAC003683,Std,2012-10-16,2013-11-22,403,388.0,1
MAC003928,Std,2012-11-09,2014-02-27,476,458.0,0
MAC004039,Std,2012-07-06,2014-02-27,602,580.0,0
MAC004067,Std,2012-05-18,2014-02-27,650,622.0,0
MAC004130,Std,2012-05-19,2014-02-27,649,625.0,0
MAC004182,Std,2012-05-21,2014-02-27,648,623.0,0
MAC004343,Std,2012-03-15,2014-02-27,715,686.0,0
MAC004475,Std,2011-12-17,2014-02-27,804,774.0,0
MAC004476,Std,2011-12-17,2014-02-27,804,767.0,0
MAC004505,Std,2011-12-19,2014-02-27,802,771.0,0
MAC004535,Std,2011-12-21,2014-02-27,800,772.0,0
MAC004536,Std,2011-12-21,2013-02-20,428,408.0,1
MAC004576,Std,2011-12-28,2014-02-27,793,758.0,0
MAC004612,Std,2012-07-11,2013-01-09,183,174.0,1
MAC004648,Std,2012-07-12,2014-02-27,596,575.0,0
MAC004692,Std,2012-07-13,2014-02-27,595,572.0,0
MAC004792,Std,2012-04-04,2014-02-27,694,663.0,0
MAC004797,Std,2012-04-04,2013-05-15,406,391.0,1
MAC004867,Std,2011-12-30,2014-02-27,791,761.0,0
MAC004954,Std,2012-01-23,2014-02-27,767,740.0,0
MAC005138,Std,2012-05-31,2014-02-27,637,613.0,0
MAC005218,Std,2012-02-04,2014-02-27,755,721.0,0
MAC005223,Std,2012-02-06,2014-02-27,749,720.0,0
MAC005361,Std,2012-02-22,2014-02-27,733,701.0,0
MAC005394,Std,2012-02-27,2014-02-27,732,705.0,0
MAC005512,Std,2012-04-17,2014-02-27,681,656.0,0
MAC005517,Std,2012-04-17,2014-02-27,680,655.0,0
MAC005540,Std,2012-04-18,2014-02-27,678,653.0,0
MAC000369,ToU,2012-03-12,2014-02-27,718,692.0,0
MAC000755,ToU,2012-04-20,2014-02-27,679,657.0,0
MAC001209,ToU,2012-05-12,2014-02-27,656,630.0,0
MAC002119,ToU,2012-06-18,2014-02-27,620,596.0,0
MAC002164,ToU,2012-06-20,2014-02-27,618,597.0,0
MAC002679,ToU,2012-05-04,2014-02-27,664,639.0,0
MAC002680,ToU,2012-05-04,2014-02-27,664,639.0,0
MAC002774,ToU,2012-05-10,2014-02-05,636,607.0,0
MAC002932,ToU,2012-07-02,2014-02-27,606,580.0,0
MAC003061,ToU,2012-05-15,2014-02-27,652,625.0,0
MAC003277,ToU,2012-09-20,2014-02-27,526,504.0,0
MAC003414,ToU,2012-10-01,2014-02-27,515,493.0,0
MAC003471,ToU,2012-10-03,2014-02-27,513,493.0,0
MAC003634,ToU,2012-10-12,2014-02-27,504,484.0,0
MAC003788,ToU,2012-10-22,2014-02-27,494,474.0,0
MAC004609,ToU,2012-07-11,2014-02-27,596,574.0,0
MAC005160,ToU,2012-05-31,2014-02-27,638,612.0,0
MAC005278,ToU,2012-02-10,2014-02-27,749,723.0,0
MAC000049,Std,2011-12-08,2014-02-27,813,785.0,0
MAC000050,Std,2011-12-08,2013-04-16,496,478.0,1
MAC000145,Std,2011-11-23,2014-02-27,828,797.0,0
MAC000171,Std,2011-11-25,2014-02-27,826,788.0,0
MAC000319,Std,2012-03-06,2014-02-27,724,699.0,0
MAC000453,Std,2012-03-23,2014-02-27,707,680.0,0
MAC000495,Std,2012-03-24,2013-02-26,339,327.0,1
MAC000496,Std,2012-03-26,2014-02-27,704,679.0,0
MAC000528,Std,2012-04-01,2014-02-26,511,494.0,0
MAC000614,Std,2012-04-12,2014-02-27,686,661.0,0
MAC000647,Std,2012-04-13,2014-02-27,684,657.0,0
MAC000685,Std,2012-04-18,2014-02-27,680,656.0,0
MAC000686,Std,2012-04-18,2014-02-27,679,653.0,0
MAC000777,Std,2012-04-20,2014-02-27,678,649.0,0
MAC000807,Std,2012-04-25,2014-02-27,673,645.0,0
MAC000829,Std,2012-04-25,2014-02-27,672,647.0,0
MAC000979,Std,2012-05-02,2014-02-27,665,635.0,0
MAC001308,Std,2012-05-14,2014-02-27,655,630.0,0
MAC001418,Std,2012-05-18,2013-09-17,488,471.0,1
MAC001462,Std,2012-05-21,2014-02-27,646,621.0,0
MAC001724,Std,2012-06-01,2014-02-27,635,611.0,0
MAC001764,Std,2012-06-02,2014-02-27,635,610.0,0
MAC001799,Std,2012-06-06,2014-02-27,630,603.0,0
MAC001899,Std,2012-06-08,2014-02-27,630,604.0,0
MAC002101,Std,2012-06-17,2014-02-27,620,597.0,0
MAC002191,Std,2012-06-23,2014-02-27,615,590.0,0
MAC002322,Std,2012-04-24,2014-02-27,674,648.0,0
MAC002364,Std,2012-04-27,2014-02-27,671,645.0,0
MAC002442,Std,2012-04-30,2013-11-18,567,543.0,1
MAC002736,Std,2012-05-08,2014-02-27,660,637.0,0
MAC002993,Std,2012-07-04,2014-02-27,604,583.0,0
MAC003040,Std,2012-05-15,2014-02-27,654,627.0,0
MAC003104,Std,2012-05-16,2014-02-27,653,626.0,0
MAC003212,Std,2012-09-17,2014-02-27,529,506.0,0
MAC003316,Std,2012-09-24,2014-02-27,521,502.0,0
MAC003353,Std,2012-09-26,2013-01-09,106,101.0,1
MAC003445,Std,2012-10-02,2014-02-27,514,496.0,0
MAC003446,Std,2012-10-02,2014-02-27,514,494.0,0
MAC003491,Std,2012-10-05,2014-02-27,511,494.0,0
MAC003527,Std,2012-10-08,2014-02-27,507,485.0,0
MAC003572,Std,2012-10-09,2013-02-19,134,127.0,1
MAC003849,Std,2012-10-24,2014-02-27,492,473.0,0
MAC003850,Std,2012-10-24,2014-02-27,492,475.0,0
MAC003877,Std,2012-10-25,2014-02-27,490,470.0,0
MAC004052,Std,2012-07-07,2014-02-27,601,578.0,0
MAC004142,Std,2012-05-21,2014-02-27,647,623.0,0
MAC004242,Std,2012-05-23,2013-02-17,269,258.0,1
MAC004349,Std,2012-03-15,2014-02-27,715,688.0,0
MAC004403,Std,2012-03-19,2014-02-27,711,684.0,0
MAC004464,Std,2011-12-17,2014-02-27,804,774.0,0
MAC004515,Std,2011-12-20,2014-02-27,801,771.0,0
MAC004570,Std,2011-12-23,2014-02-27,798,767.0,0
MAC004788,Std,2012-04-04,2014-02-27,693,668.0,0
MAC004885,Std,2012-01-10,2014-02-27,780,748.0,0
MAC004886,Std,2012-01-12,2014-02-27,778,750.0,0
MAC005012,Std,2012-01-30,2012-12-21,327,314.0,1
MAC005165,Std,2012-05-31,2014-02-27,638,614.0,0
MAC005166,Std,2012-05-31,2014-02-27,636,613.0,0
MAC005196,Std,2012-02-03,2014-02-27,756,728.0,0
MAC005243,Std,2012-02-07,2014-02-27,752,723.0,0
MAC005261,Std,2012-02-08,2014-02-27,751,724.0,0
MAC005468,Std,2012-04-16,2014-02-27,683,656.0,0
MAC000938,ToU,2012-05-01,2014-02-27,663,637.0,0
MAC002346,ToU,2012-04-25,2014-02-27,673,649.0,0
MAC002488,ToU,2012-07-07,2014-02-27,601,575.0,0
MAC002686,ToU,2012-05-04,2014-02-27,662,637.0,0
MAC003140,ToU,2012-07-14,2014-02-27,591,568.0,0
MAC003145,ToU,2012-07-14,2014-02-27,594,572.0,0
MAC003539,ToU,2012-10-08,2014-02-27,508,483.0,0
MAC003869,ToU,2012-10-25,2014-02-27,491,473.0,0
MAC004062,ToU,2012-07-07,2014-02-27,599,577.0,0
MAC004318,ToU,2012-05-25,2014-02-27,643,617.0,0
MAC003558,Std,2012-10-09,2014-02-27,507,488.0,0
MAC004767,ToU,2012-04-03,2014-02-27,695,668.0,0
MAC005106,ToU,2012-05-30,2014-02-27,638,609.0,0
MAC000120,Std,2011-12-14,2013-08-11,607,583.0,1
MAC000138,Std,2011-12-15,2014-02-27,806,777.0,0
MAC000166,Std,2011-11-24,2014-02-27,827,793.0,0
MAC000235,Std,2011-12-01,2014-01-31,791,763.0,0
MAC000535,Std,2012-04-10,2014-02-27,686,657.0,0
MAC000536,Std,2012-04-10,2014-02-27,687,660.0,0
MAC000599,Std,2012-04-12,2014-02-27,682,658.0,0
MAC000603,Std,2012-04-12,2014-02-27,687,657.0,0
MAC000664,Std,2012-04-14,2014-02-27,685,659.0,0
MAC000788,Std,2012-04-20,2013-10-15,543,520.0,1
MAC000792,Std,2012-04-21,2014-02-27,678,649.0,0
MAC000833,Std,2012-04-26,2014-02-27,671,645.0,0
MAC001193,Std,2012-05-11,2014-02-27,656,628.0,0
MAC001387,Std,2012-05-17,2014-02-27,651,626.0,0
MAC001443,Std,2012-05-18,2014-02-27,649,620.0,0
MAC001543,Std,2012-05-22,2014-02-27,647,624.0,0
MAC001909,Std,2012-06-09,2014-02-27,627,605.0,0
MAC001939,Std,2012-06-11,2014-02-27,626,600.0,0
MAC001971,Std,2012-06-11,2014-02-27,627,602.0,0
MAC002009,Std,2012-06-12,2014-02-27,626,604.0,0
MAC002054,Std,2012-06-14,2014-02-27,624,598.0,0
MAC002161,Std,2012-06-20,2014-02-27,618,595.0,0
MAC002289,Std,2012-04-23,2014-02-27,676,646.0,0
MAC002403,Std,2012-04-30,2014-02-26,585,558.0,0
MAC002487,Std,2012-07-07,2014-02-27,601,580.0,0
MAC002581,Std,2012-07-10,2014-02-27,598,574.0,0
MAC002621,Std,2012-05-03,2014-02-27,666,640.0,0
MAC002704,Std,2012-05-05,2014-02-27,661,634.0,0
MAC002742,Std,2012-05-08,2014-02-27,657,633.0,0
MAC002817,Std,2012-05-11,2014-02-27,658,631.0,0
MAC002938,Std,2012-07-02,2014-02-27,604,581.0,0
MAC003052,Std,2012-05-15,2014-02-27,654,628.0,0
MAC003114,Std,2012-05-16,2014-02-27,653,628.0,0
MAC003171,Std,2012-09-12,2014-02-27,534,514.0,0
MAC003283,Std,2012-09-21,2014-02-27,525,503.0,0
MAC003592,Std,2012-10-10,2013-03-21,163,157.0,1
MAC003631,Std,2012-10-11,2014-02-27,505,483.0,0
MAC003692,Std,2012-10-16,2014-02-27,498,475.0,0
MAC003697,Std,2012-10-16,2014-02-27,500,477.0,0
MAC003737,Std,2012-10-18,2014-02-27,498,479.0,0
MAC003787,Std,2012-10-22,2014-02-27,494,474.0,0
MAC003902,Std,2012-10-26,2014-02-27,488,469.0,0
MAC003990,Std,2012-07-06,2014-02-27,602,576.0,0
MAC004188,Std,2012-05-21,2014-02-27,647,624.0,0
MAC004254,Std,2012-05-24,2014-02-27,645,621.0,0
MAC004288,Std,2012-05-24,2014-02-27,642,618.0,0
MAC004322,Std,2012-05-25,2014-02-27,642,618.0,0
MAC004358,Std,2012-03-15,2014-02-27,715,688.0,0
MAC004457,Std,2011-12-16,2014-02-16,794,758.0,0
MAC004483,Std,2011-12-19,2014-02-27,767,740.0,0
MAC004587,Std,2012-07-11,2014-02-27,597,575.0,0
MAC004618,Std,2012-07-11,2014-02-27,596,572.0,0
MAC004658,Std,2012-07-12,2013-10-29,475,455.0,1
MAC004820,Std,2012-04-05,2014-02-27,694,667.0,0
MAC004826,Std,2012-04-05,2014-02-27,692,665.0,0
MAC004868,Std,2012-01-03,2014-02-27,787,755.0,0
MAC004919,Std,2012-01-19,2014-02-27,771,742.0,0
MAC005105,Std,2012-05-30,2014-02-27,637,613.0,0
MAC005264,Std,2012-02-09,2014-02-27,750,722.0,0
MAC005294,Std,2012-02-13,2014-02-27,746,720.0,0
MAC005315,Std,2012-02-16,2014-02-27,743,718.0,0
MAC005391,Std,2012-02-25,2013-03-06,376,362.0,1
MAC005407,Std,2012-02-28,2014-02-27,731,703.0,0
MAC005439,Std,2012-04-16,2014-02-27,682,657.0,0
MAC005462,Std,2012-04-17,2014-02-27,680,655.0,0
MAC000064,ToU,2011-12-09,2014-02-27,812,780.0,0
MAC000344,ToU,2012-03-08,2014-02-27,722,695.0,0
MAC000352,ToU,2012-03-09,2014-02-27,721,693.0,0
MAC000704,ToU,2012-04-19,2014-02-27,677,650.0,0
MAC000851,ToU,2012-04-26,2014-02-27,672,645.0,0
MAC000944,ToU,2012-05-02,2014-02-27,665,638.0,0
MAC001614,ToU,2012-05-25,2014-02-27,643,619.0,0
MAC001951,ToU,2012-06-11,2014-02-27,626,604.0,0
MAC002040,ToU,2012-06-13,2014-02-27,623,598.0,0
MAC002046,ToU,2012-06-17,2014-02-27,621,600.0,0
MAC002633,ToU,2012-05-03,2014-02-27,663,635.0,0
MAC002668,ToU,2012-05-04,2014-02-27,663,636.0,0
MAC002713,ToU,2012-05-08,2014-02-27,661,636.0,0
MAC002726,ToU,2012-05-08,2014-02-27,658,630.0,0
MAC002827,ToU,2012-05-11,2014-02-27,656,628.0,0
MAC002833,ToU,2012-05-11,2014-02-27,655,627.0,0
MAC003198,ToU,2012-09-14,2014-02-27,532,510.0,0
MAC003360,ToU,2012-09-27,2014-02-27,519,497.0,0
MAC003365,ToU,2012-09-27,2014-02-27,518,490.0,0
MAC003366,ToU,2012-09-27,2014-02-27,519,501.0,0
MAC003387,ToU,2012-09-28,2014-02-27,517,499.0,0
MAC004303,ToU,2012-05-24,2013-09-09,474,456.0,1
MAC004309,ToU,2012-05-25,2014-02-27,640,614.0,0
MAC004683,ToU,2012-07-13,2014-02-27,592,567.0,0
MAC004689,ToU,2012-07-13,2014-02-27,594,571.0,0
MAC004762,ToU,2012-04-03,2014-02-27,696,664.0,0
MAC005349,ToU,2012-02-21,2014-02-27,738,712.0,0
MAC000025,Std,2011-12-07,2014-02-27,814,773.0,0
MAC000026,Std,2011-12-07,2014-02-27,814,782.0,0
MAC000110,Std,2011-12-13,2014-02-27,808,772.0,0
MAC000160,Std,2011-11-24,2014-02-27,827,789.0,0
MAC000218,Std,2011-11-30,2014-02-27,821,789.0,0
MAC000255,Std,2011-12-03,2014-02-27,818,790.0,0
MAC000256,Std,2011-12-05,2014-02-27,816,787.0,0
MAC000302,Std,2012-03-05,2014-02-27,722,694.0,0
MAC000330,Std,2012-03-07,2014-02-27,719,692.0,0
MAC000530,Std,2012-03-28,2014-02-27,702,675.0,0
MAC000720,Std,2012-04-19,2014-02-27,680,652.0,0
MAC000861,Std,2012-04-26,2014-02-27,673,646.0,0
MAC001007,Std,2012-05-02,2014-02-27,666,637.0,0
MAC001174,Std,2012-05-09,2014-01-22,623,596.0,0
MAC001239,Std,2012-05-14,2014-02-27,652,625.0,0
MAC001241,Std,2012-05-14,2014-02-27,654,631.0,0
MAC001262,Std,2012-05-14,2014-02-27,654,624.0,0
MAC001295,Std,2012-05-14,2014-02-27,652,629.0,0
MAC001296,Std,2012-05-14,2014-02-27,655,629.0,0
MAC001382,Std,2012-05-17,2014-02-27,652,628.0,0
MAC001499,Std,2012-05-22,2014-02-27,647,623.0,0
MAC001535,Std,2012-05-22,2014-02-27,647,621.0,0
MAC001572,Std,2012-05-23,2014-02-27,645,620.0,0
MAC001577,Std,2012-05-25,2013-04-03,313,297.0,1
MAC001719,Std,2012-06-01,2014-02-27,634,610.0,0
MAC001721,Std,2012-06-01,2014-02-27,636,608.0,0
MAC001888,Std,2012-06-08,2014-02-27,630,607.0,0
MAC001922,Std,2012-06-09,2014-02-27,627,603.0,0
MAC001927,Std,2012-06-09,2014-02-27,627,603.0,0
MAC001985,Std,2012-06-12,2014-02-27,625,600.0,0
MAC001986,Std,2012-06-12,2014-02-27,624,601.0,0
MAC002145,Std,2012-06-19,2014-02-27,619,596.0,0
MAC002146,Std,2012-06-19,2014-02-27,619,594.0,0
MAC002175,Std,2012-06-21,2014-02-27,611,589.0,0
MAC002213,Std,2012-06-27,2014-02-27,609,586.0,0
MAC002298,Std,2012-04-24,2013-05-04,375,359.0,1
MAC002771,Std,2012-05-10,2014-02-27,657,631.0,0
MAC002805,Std,2012-05-10,2014-02-27,657,631.0,0
MAC002806,Std,2012-05-10,2014-02-27,658,634.0,0
MAC003011,Std,2012-05-15,2014-02-27,653,627.0,0
MAC003064,Std,2012-05-15,2014-02-27,654,631.0,0
MAC003230,Std,2012-09-17,2014-02-27,529,508.0,0
MAC003278,Std,2012-09-20,2014-02-27,525,505.0,0
MAC003424,Std,2012-10-01,2014-01-14,471,454.0,0
MAC003494,Std,2012-10-04,2014-02-27,512,494.0,0
MAC003549,Std,2012-10-08,2014-02-27,507,486.0,0
MAC003552,Std,2012-10-08,2014-02-27,508,487.0,0
MAC003584,Std,2012-10-09,2014-02-27,506,486.0,0
MAC003704,Std,2012-10-17,2014-02-27,499,479.0,0
MAC003749,Std,2012-10-18,2014-02-27,498,476.0,0
MAC003813,Std,2012-10-22,2014-02-27,493,475.0,0
MAC003889,Std,2012-10-26,2014-02-27,490,470.0,0
MAC003891,Std,2012-10-26,2014-02-27,485,466.0,0
MAC003930,Std,2012-11-12,2014-02-27,472,455.0,0
MAC003936,Std,2012-07-05,2014-02-27,602,579.0,0
MAC003957,Std,2012-07-06,2014-02-27,602,577.0,0
MAC003962,Std,2012-07-06,2014-02-27,602,576.0,0
MAC004049,Std,2012-07-07,2014-02-27,601,577.0,0
MAC004178,Std,2012-05-21,2013-12-23,582,561.0,0
MAC004215,Std,2012-05-23,2014-02-27,646,621.0,0
MAC004295,Std,2012-05-24,2014-02-27,643,618.0,0
MAC004296,Std,2012-05-24,2014-02-27,644,615.0,0
MAC004461,Std,2011-12-17,2014-02-27,804,776.0,0
MAC004582,Std,2012-09-11,2014-01-07,484,466.0,0
MAC004729,Std,2012-04-02,2014-02-27,696,666.0,0
MAC004787,Std,2012-04-04,2014-02-27,695,664.0,0
MAC004849,Std,2011-12-29,2014-02-27,792,763.0,0
MAC004913,Std,2012-01-19,2014-02-27,771,741.0,0
MAC004930,Std,2012-01-20,2014-02-27,770,743.0,0
MAC004995,Std,2012-01-27,2013-06-30,521,502.0,1
MAC004996,Std,2012-01-27,2014-02-27,763,733.0,0
MAC005043,Std,2012-02-01,2014-02-27,758,723.0,0
MAC005117,Std,2012-05-31,2014-02-27,638,612.0,0
MAC005206,Std,2012-02-03,2014-02-27,756,726.0,0
MAC005356,Std,2012-02-22,2014-02-27,737,711.0,0
MAC005410,Std,2012-02-28,2014-02-27,731,702.0,0
MAC005433,Std,2012-04-14,2014-02-27,684,657.0,0
MAC005494,Std,2012-04-17,2013-05-21,400,383.0,1
MAC005530,Std,2012-04-17,2014-02-27,681,658.0,0
MAC000236,ToU,2011-12-01,2014-02-27,820,785.0,0
MAC000583,ToU,2012-04-11,2014-02-27,646,622.0,0
MAC000797,ToU,2012-04-25,2014-02-03,649,622.0,0
MAC001352,ToU,2012-05-17,2014-02-27,651,625.0,0
MAC001372,ToU,2012-05-17,2014-02-27,652,623.0,0
MAC001431,ToU,2012-05-18,2014-02-27,650,627.0,0
MAC001536,ToU,2012-05-22,2014-02-27,645,622.0,0
MAC002073,ToU,2012-06-15,2014-02-27,623,600.0,0
MAC002084,ToU,2012-06-17,2014-02-27,621,592.0,0
MAC002093,ToU,2012-06-17,2013-08-18,428,407.0,1
MAC002219,ToU,2012-06-29,2014-02-27,607,585.0,0
MAC002839,ToU,2012-05-11,2014-02-27,656,631.0,0
MAC002909,ToU,2012-07-02,2014-02-24,601,581.0,0
MAC003269,ToU,2012-09-20,2014-02-27,526,506.0,0
MAC003665,ToU,2012-10-15,2014-02-27,501,476.0,0
MAC003967,ToU,2012-07-06,2014-02-27,602,579.0,0
MAC004621,ToU,2012-07-11,2014-02-27,596,570.0,0
MAC004825,ToU,2012-04-05,2014-02-27,691,663.0,0
MAC005189,ToU,2012-02-02,2014-02-27,744,713.0,0
MAC005308,ToU,2012-02-15,2014-02-27,744,715.0,0
MAC005310,ToU,2012-02-15,2014-02-27,744,716.0,0
MAC000243,Std,2011-12-02,2014-02-27,817,781.0,0
MAC000335,Std,2012-03-07,2014-01-29,694,665.0,0
MAC000399,Std,2012-03-14,2013-11-18,615,590.0,1
MAC000503,Std,2012-03-26,2014-02-27,704,677.0,0
MAC000540,Std,2012-04-10,2013-03-15,340,326.0,1
MAC000674,Std,2012-04-18,2014-02-27,681,657.0,0
MAC000714,Std,2012-04-19,2014-02-27,680,656.0,0
MAC000888,Std,2012-04-27,2014-02-27,670,645.0,0
MAC000928,Std,2012-05-01,2014-02-27,666,640.0,0
MAC001021,Std,2012-05-02,2014-02-27,665,641.0,0
MAC001098,Std,2012-05-08,2014-02-27,659,634.0,0
MAC001145,Std,2012-05-09,2014-02-27,657,626.0,0
MAC001146,Std,2012-05-09,2014-02-27,659,635.0,0
MAC001338,Std,2012-05-17,2013-01-09,237,227.0,1
MAC001518,Std,2012-05-22,2014-02-27,645,621.0,0
MAC001557,Std,2012-05-22,2014-02-27,647,621.0,0
MAC001781,Std,2012-06-06,2014-02-27,632,603.0,0
MAC001839,Std,2012-06-07,2014-02-27,630,606.0,0
MAC001872,Std,2012-06-08,2014-02-27,629,604.0,0
MAC001903,Std,2012-06-08,2014-02-27,627,600.0,0
MAC001965,Std,2012-06-11,2014-02-27,626,603.0,0
MAC002208,Std,2012-06-26,2014-02-27,612,589.0,0
MAC002305,Std,2012-04-24,2014-02-27,675,648.0,0
MAC002381,Std,2012-04-28,2014-02-27,671,643.0,0
MAC002417,Std,2012-04-30,2014-02-27,667,643.0,0
MAC002608,Std,2012-07-10,2014-02-27,598,576.0,0
MAC002639,Std,2012-05-03,2014-02-27,664,637.0,0
MAC002719,Std,2012-05-08,2014-02-27,659,633.0,0
MAC002720,Std,2012-05-08,2014-02-27,659,635.0,0
MAC002785,Std,2012-05-10,2014-02-27,659,635.0,0
MAC002860,Std,2012-05-12,2014-02-27,655,630.0,0
MAC002893,Std,2012-07-02,2014-02-27,604,582.0,0
MAC002899,Std,2012-07-02,2014-02-27,605,584.0,0
MAC002929,Std,2012-07-02,2014-02-27,604,581.0,0
MAC002969,Std,2012-07-05,2014-02-27,603,583.0,0
MAC002972,Std,2012-07-03,2014-02-27,604,581.0,0
MAC003246,Std,2012-09-18,2013-06-10,266,255.0,1
MAC003289,Std,2012-09-21,2014-02-27,525,505.0,0
MAC003292,Std,2012-09-24,2014-02-27,522,499.0,0
MAC003324,Std,2012-09-24,2013-11-22,425,410.0,1
MAC003465,Std,2012-10-03,2014-02-27,513,495.0,0
MAC003466,Std,2012-10-03,2014-02-27,513,493.0,0
MAC003578,Std,2012-10-09,2014-02-27,504,484.0,0
MAC003642,Std,2012-10-12,2014-02-27,504,482.0,0
MAC003718,Std,2012-10-17,2013-10-15,364,349.0,1
MAC003720,Std,2012-10-17,2013-10-13,361,345.0,1
MAC003770,Std,2012-10-19,2013-04-24,188,181.0,1
MAC003775,Std,2012-10-19,2014-01-12,451,434.0,0
MAC003776,Std,2012-10-19,2014-02-27,497,479.0,0
MAC003922,Std,2012-10-29,2014-02-27,487,469.0,0
MAC004191,Std,2012-05-21,2014-02-27,647,620.0,0
MAC004228,Std,2012-05-23,2014-02-27,644,614.0,0
MAC004317,Std,2012-05-25,2014-02-27,642,617.0,0
MAC004367,Std,2012-03-16,2014-02-27,713,688.0,0
MAC004432,Std,2012-03-20,2013-02-20,338,322.0,1
MAC004495,Std,2011-12-19,2014-02-27,802,768.0,0
MAC004496,Std,2011-12-19,2014-02-03,777,742.0,0
MAC004642,Std,2012-07-12,2014-02-27,596,576.0,0
MAC004771,Std,2012-04-03,2014-02-27,696,667.0,0
MAC004802,Std,2012-04-04,2012-12-20,261,249.0,1
MAC004944,Std,2012-01-21,2014-02-09,751,720.0,0
MAC004974,Std,2012-01-25,2014-02-27,765,737.0,0
MAC005183,Std,2012-02-02,2014-02-27,757,731.0,0
MAC005343,Std,2012-02-21,2014-02-27,738,713.0,0
MAC005364,Std,2012-02-22,2014-02-27,737,704.0,0
MAC005402,Std,2012-02-27,2014-02-27,730,704.0,0
MAC005478,Std,2012-04-16,2014-02-27,682,655.0,0
MAC000071,ToU,2011-12-10,2013-04-28,506,486.0,1
MAC000194,ToU,2011-11-28,2014-02-27,823,785.0,0
MAC000628,ToU,2012-04-13,2014-02-27,684,657.0,0
MAC000814,ToU,2012-04-25,2014-02-27,671,644.0,0
MAC000993,ToU,2012-05-02,2014-02-27,665,640.0,0
MAC000999,ToU,2012-05-02,2014-02-27,666,635.0,0
MAC001682,ToU,2012-05-29,2014-02-27,638,615.0,0
MAC001814,ToU,2012-06-06,2014-02-27,632,606.0,0
MAC002176,ToU,2012-06-22,2014-02-27,616,591.0,0
MAC002300,ToU,2012-04-24,2014-02-27,673,649.0,0
MAC002476,ToU,2012-05-01,2014-02-27,664,632.0,0
MAC002482,ToU,2012-05-01,2014-02-27,666,639.0,0
MAC003245,ToU,2012-09-18,2014-02-27,528,500.0,0
MAC003758,ToU,2012-10-19,2014-02-27,495,476.0,0
MAC003947,ToU,2012-07-05,2014-02-27,603,575.0,0
MAC004083,ToU,2012-05-18,2013-05-29,375,358.0,1
MAC004091,ToU,2012-05-18,2014-02-27,651,626.0,0
MAC004753,ToU,2012-04-02,2014-02-27,697,667.0,0
MAC004851,ToU,2011-12-29,2014-02-27,788,751.0,0
MAC004990,ToU,2012-01-26,2014-02-27,764,737.0,0
MAC005006,ToU,2012-01-28,2014-02-27,762,732.0,0
MAC005550,ToU,2012-04-18,2014-02-27,679,652.0,0
MAC000008,Std,2012-05-05,2013-10-29,542,519.0,1
MAC000037,Std,2011-12-07,2014-02-27,814,782.0,0
MAC000284,Std,2012-03-01,2013-09-13,562,543.0,1
MAC000374,Std,2012-03-12,2014-02-27,718,687.0,0
MAC000415,Std,2012-03-21,2014-02-27,709,682.0,0
MAC000485,Std,2012-03-23,2014-02-27,707,681.0,0
MAC000486,Std,2012-03-23,2013-04-07,381,366.0,1
MAC000522,Std,2012-03-27,2014-02-27,703,675.0,0
MAC000554,Std,2012-04-11,2014-02-27,686,659.0,0
MAC000589,Std,2012-04-12,2014-02-27,685,656.0,0
MAC000631,Std,2012-04-13,2014-02-27,686,653.0,0
MAC000912,Std,2012-04-27,2013-12-08,590,564.0,0
MAC000968,Std,2012-05-01,2014-02-27,666,643.0,0
MAC001164,Std,2012-05-09,2014-02-27,659,635.0,0
MAC001199,Std,2012-05-11,2014-02-27,655,630.0,0
MAC001267,Std,2012-05-14,2014-02-27,652,624.0,0
MAC001313,Std,2012-05-15,2014-02-27,654,627.0,0
MAC001349,Std,2012-05-17,2014-02-27,651,627.0,0
MAC001395,Std,2012-05-17,2014-02-27,652,627.0,0
MAC001396,Std,2012-05-17,2014-02-27,650,627.0,0
MAC001522,Std,2012-05-22,2014-02-27,644,620.0,0
MAC001552,Std,2012-05-22,2014-02-27,645,620.0,0
MAC001713,Std,2012-06-01,2014-02-27,636,610.0,0
MAC001749,Std,2012-06-02,2014-02-27,635,612.0,0
MAC001854,Std,2012-06-07,2014-02-27,630,606.0,0
MAC001980,Std,2012-06-12,2014-02-27,625,598.0,0
MAC002067,Std,2012-06-15,2014-02-27,619,596.0,0
MAC002248,Std,2012-04-23,2014-02-27,676,649.0,0
MAC002351,Std,2012-04-25,2013-04-09,350,337.0,1
MAC002911,Std,2012-07-05,2014-02-27,603,580.0,0
MAC002948,Std,2012-07-03,2014-02-27,604,579.0,0
MAC003036,Std,2012-05-15,2014-02-27,652,626.0,0
MAC003074,Std,2012-05-15,2013-02-27,288,274.0,1
MAC003098,Std,2012-05-16,2014-02-27,650,622.0,0
MAC003101,Std,2012-05-16,2014-02-27,653,622.0,0
MAC003203,Std,2012-09-14,2014-02-27,532,501.0,0
MAC003240,Std,2012-09-18,2014-02-27,528,508.0,0
MAC003297,Std,2012-09-24,2014-02-27,522,497.0,0
MAC003340,Std,2012-09-26,2014-02-27,520,498.0,0
MAC003382,Std,2012-09-27,2014-02-27,519,499.0,0
MAC003438,Std,2012-10-02,2013-09-17,351,339.0,1
MAC003557,Std,2012-10-09,2013-11-20,408,391.0,1
MAC003563,Std,2012-10-09,2014-02-27,507,488.0,0
MAC003601,Std,2012-10-11,2014-02-27,505,486.0,0
MAC003732,Std,2012-10-18,2014-02-27,498,480.0,0
MAC003838,Std,2012-10-23,2014-02-27,493,473.0,0
MAC003883,Std,2012-10-25,2014-02-27,491,468.0,0
MAC004011,Std,2012-07-06,2014-02-27,602,575.0,0
MAC004058,Std,2012-07-07,2014-02-27,584,555.0,0
MAC004273,Std,2012-05-24,2014-02-27,644,621.0,0
MAC004338,Std,2012-03-15,2014-02-27,715,686.0,0
MAC004417,Std,2012-03-19,2014-02-27,711,681.0,0
MAC004452,Std,2012-03-21,2014-02-27,709,683.0,0
MAC004523,Std,2011-12-20,2014-02-27,801,772.0,0
MAC004549,Std,2011-12-22,2014-02-27,798,768.0,0
MAC004698,Std,2012-07-13,2014-02-27,595,572.0,0
MAC004782,Std,2012-04-04,2014-02-27,694,669.0,0
MAC004807,Std,2012-04-05,2014-02-27,693,669.0,0
MAC004833,Std,2012-04-10,2014-02-27,688,662.0,0
MAC004874,Std,2012-01-03,2014-02-27,787,757.0,0
MAC004951,Std,2012-01-23,2014-02-27,767,740.0,0
MAC005005,Std,2012-01-28,2014-02-27,762,734.0,0
MAC005018,Std,2012-01-30,2014-02-27,760,733.0,0
MAC005205,Std,2012-02-03,2013-11-18,655,633.0,1
MAC005272,Std,2012-02-10,2014-02-27,749,718.0,0
MAC005277,Std,2012-02-10,2014-02-27,749,721.0,0
MAC005316,Std,2012-02-16,2013-11-25,649,624.0,1
MAC005337,Std,2012-02-20,2014-02-27,739,711.0,0
MAC005350,Std,2012-02-21,2014-02-27,736,707.0,0
MAC005555,Std,2011-12-28,2014-02-27,793,759.0,0
MAC005561,Std,2012-04-24,2014-02-27,575,548.0,0
MAC000328,ToU,2012-03-07,2014-02-27,723,692.0,0
MAC000408,ToU,2012-03-21,2014-02-27,709,683.0,0
MAC000985,ToU,2012-05-02,2014-02-27,664,641.0,0
MAC001105,ToU,2012-05-08,2014-02-27,659,632.0,0
MAC001449,ToU,2012-05-21,2014-02-27,645,620.0,0
MAC001743,ToU,2012-06-02,2014-02-27,634,611.0,0
MAC001833,ToU,2012-06-07,2014-02-27,629,597.0,0
MAC002099,ToU,2012-06-17,2014-02-27,621,599.0,0
MAC002457,ToU,2012-04-30,2014-02-27,666,635.0,0
MAC002470,ToU,2012-05-01,2014-02-27,668,636.0,0
MAC002800,ToU,2012-05-10,2014-02-27,658,632.0,0
MAC003151,ToU,2012-07-14,2014-02-27,594,567.0,0
MAC004362,ToU,2012-03-16,2014-02-25,706,683.0,0
MAC004814,ToU,2012-04-05,2014-02-27,693,667.0,0
MAC005121,ToU,2012-05-31,2014-02-27,636,612.0,0
MAC005212,ToU,2012-02-03,2014-02-27,756,730.0,0
MAC000020,Std,2011-12-07,2014-02-27,814,783.0,0
MAC000225,Std,2011-12-01,2013-03-21,476,458.0,1
MAC000226,Std,2011-12-01,2014-02-27,820,782.0,0
MAC000307,Std,2012-03-05,2014-02-27,725,698.0,0
MAC000545,Std,2012-04-10,2014-02-10,672,646.0,0
MAC000546,Std,2012-04-10,2013-02-26,323,311.0,1
MAC000744,Std,2012-04-19,2014-02-27,678,649.0,0
MAC000894,Std,2012-04-27,2014-02-27,669,643.0,0
MAC000917,Std,2012-04-27,2014-02-27,669,635.0,0
MAC000959,Std,2012-05-01,2014-02-27,631,607.0,0
MAC001085,Std,2012-05-08,2014-02-27,658,635.0,0
MAC001086,Std,2012-05-08,2014-02-27,659,631.0,0
MAC001213,Std,2012-05-12,2014-02-27,654,627.0,0
MAC001302,Std,2012-05-14,2014-02-27,654,628.0,0
MAC001307,Std,2012-05-14,2014-02-27,655,622.0,0
MAC001412,Std,2012-05-18,2014-02-27,649,626.0,0
MAC001473,Std,2012-05-21,2014-02-27,648,626.0,0
MAC001691,Std,2012-05-29,2014-02-27,639,613.0,0
MAC001761,Std,2012-06-02,2014-02-27,636,607.0,0
MAC001960,Std,2012-06-11,2014-02-27,626,602.0,0
MAC002045,Std,2012-06-14,2014-02-27,624,599.0,0
MAC002170,Std,2012-06-21,2014-02-27,617,595.0,0
MAC002223,Std,2012-06-30,2014-02-27,605,584.0,0
MAC002314,Std,2012-04-24,2014-02-27,674,641.0,0
MAC002390,Std,2012-04-30,2014-02-27,667,643.0,0
MAC002495,Std,2012-07-07,2013-03-30,265,229.0,1
MAC002564,Std,2012-07-09,2014-02-27,599,578.0,0
MAC002725,Std,2012-05-08,2014-02-27,658,634.0,0
MAC002760,Std,2012-05-10,2014-02-27,659,636.0,0
MAC002812,Std,2012-05-11,2014-02-27,656,626.0,0
MAC002851,Std,2012-05-11,2014-02-27,657,629.0,0
MAC002977,Std,2012-07-03,2014-02-27,601,573.0,0
MAC003021,Std,2012-05-15,2014-02-27,654,628.0,0
MAC003182,Std,2012-09-13,2014-02-27,533,509.0,0
MAC003227,Std,2012-09-17,2014-02-27,529,508.0,0
MAC003411,Std,2012-10-01,2014-02-27,514,495.0,0
MAC003504,Std,2012-10-04,2014-02-27,512,491.0,0
MAC003543,Std,2012-10-08,2014-02-27,508,489.0,0
MAC003597,Std,2012-10-10,2014-02-27,505,485.0,0
MAC003802,Std,2012-10-22,2014-02-27,494,474.0,0
MAC003918,Std,2012-10-26,2014-02-27,489,469.0,0
MAC003942,Std,2012-07-05,2014-02-27,602,578.0,0
MAC004078,Std,2012-05-18,2014-02-27,651,626.0,0
MAC004109,Std,2012-05-18,2014-02-27,649,619.0,0
MAC004148,Std,2012-05-21,2014-02-27,647,623.0,0
MAC004290,Std,2012-05-24,2014-02-27,642,619.0,0
MAC004412,Std,2012-03-19,2014-02-27,711,684.0,0
MAC004437,Std,2012-03-20,2014-02-27,709,681.0,0
MAC004529,Std,2011-12-21,2014-02-27,800,759.0,0
MAC004553,Std,2011-12-22,2014-02-27,791,763.0,0
MAC004723,Std,2012-04-02,2014-02-27,697,672.0,0
MAC005055,Std,2012-05-29,2014-02-27,636,612.0,0
MAC005056,Std,2012-05-29,2013-11-25,544,523.0,1
MAC005251,Std,2012-02-07,2014-02-27,745,717.0,0
MAC005355,Std,2012-02-22,2014-02-27,737,710.0,0
MAC000278,ToU,2012-02-29,2014-02-27,730,701.0,0
MAC000609,ToU,2012-04-12,2014-02-27,687,661.0,0
MAC000611,ToU,2012-04-12,2014-02-27,686,661.0,0
MAC000725,ToU,2012-04-19,2014-02-27,678,650.0,0
MAC001219,ToU,2012-05-12,2014-02-27,653,628.0,0
MAC001222,ToU,2012-05-14,2014-02-27,653,628.0,0
MAC001343,ToU,2012-05-17,2014-02-27,651,622.0,0
MAC001417,ToU,2012-05-18,2014-02-27,649,624.0,0
MAC001421,ToU,2012-05-18,2013-11-03,535,515.0,1
MAC001564,ToU,2012-05-22,2014-02-27,647,625.0,0
MAC002140,ToU,2012-06-18,2013-04-30,295,280.0,1
MAC002448,ToU,2012-04-30,2014-02-27,666,639.0,0
MAC002452,ToU,2012-04-30,2014-02-27,668,645.0,0
MAC002786,ToU,2012-05-10,2014-02-27,657,634.0,0
MAC002963,ToU,2012-07-05,2014-02-27,603,579.0,0
MAC003528,ToU,2012-10-08,2014-02-27,508,487.0,0
MAC003666,ToU,2012-10-15,2014-02-27,501,479.0,0
MAC004260,ToU,2012-05-24,2014-02-27,644,620.0,0
MAC004381,ToU,2012-03-16,2014-02-27,714,689.0,0
MAC004543,ToU,2011-12-21,2014-02-27,800,767.0,0
MAC004668,ToU,2012-07-12,2014-02-27,596,575.0,0
MAC005031,ToU,2012-01-31,2014-02-27,748,721.0,0
MAC005200,ToU,2012-02-03,2014-02-27,756,728.0,0
MAC005321,ToU,2012-02-17,2014-02-27,735,709.0,0
MAC005488,ToU,2012-04-17,2014-02-27,682,657.0,0
MAC000116,Std,2011-12-14,2014-02-27,807,777.0,0
MAC000174,Std,2011-11-25,2014-02-27,826,789.0,0
MAC000296,Std,2012-03-02,2014-02-27,728,703.0,0
MAC000357,Std,2012-03-10,2014-02-27,720,692.0,0
MAC000393,Std,2012-03-13,2012-12-17,280,267.0,1
MAC000438,Std,2012-03-22,2013-11-17,606,583.0,1
MAC000441,Std,2012-03-22,2014-02-27,707,682.0,0
MAC000480,Std,2012-03-23,2014-02-27,705,678.0,0
MAC000726,Std,2012-04-19,2014-02-27,679,654.0,0
MAC000839,Std,2012-04-26,2014-02-27,671,646.0,0
MAC000905,Std,2012-04-27,2014-02-27,671,646.0,0
MAC000906,Std,2012-04-27,2014-02-27,670,645.0,0
MAC000953,Std,2012-05-01,2014-02-27,667,641.0,0
MAC000986,Std,2012-05-02,2014-02-27,664,638.0,0
MAC001031,Std,2012-05-02,2014-02-27,664,636.0,0
MAC001058,Std,2012-05-08,2014-02-27,660,634.0,0
MAC001100,Std,2012-05-08,2014-02-27,661,632.0,0
MAC001106,Std,2012-05-08,2014-02-27,659,630.0,0
MAC001227,Std,2012-05-14,2014-02-27,653,628.0,0
MAC001258,Std,2012-05-14,2013-08-15,453,437.0,1
MAC001357,Std,2012-05-17,2014-02-27,652,627.0,0
MAC001479,Std,2012-05-22,2014-02-27,646,620.0,0
MAC001671,Std,2012-05-28,2013-04-03,310,298.0,1
MAC001933,Std,2012-06-11,2014-02-27,625,600.0,0
MAC001966,Std,2012-06-11,2014-02-27,626,603.0,0
MAC002003,Std,2012-06-12,2014-02-27,624,596.0,0
MAC002124,Std,2012-06-18,2014-02-27,620,594.0,0
MAC002229,Std,2012-04-21,2014-02-27,678,650.0,0
MAC002283,Std,2012-04-23,2014-02-27,672,647.0,0
MAC002306,Std,2012-04-24,2014-02-27,673,647.0,0
MAC002331,Std,2012-04-24,2014-02-27,674,646.0,0
MAC002361,Std,2012-04-27,2014-02-27,670,643.0,0
MAC002395,Std,2012-04-30,2014-02-27,669,643.0,0
MAC002396,Std,2012-04-30,2014-02-27,668,645.0,0
MAC002475,Std,2012-05-01,2014-02-27,666,640.0,0
MAC002515,Std,2012-07-09,2014-02-27,599,572.0,0
MAC002516,Std,2012-07-09,2014-02-27,599,569.0,0
MAC002555,Std,2012-07-09,2014-02-27,598,573.0,0
MAC002556,Std,2012-07-09,2014-02-27,599,577.0,0
MAC002871,Std,2012-05-11,2014-02-14,644,617.0,0
MAC002923,Std,2012-07-02,2014-02-27,606,583.0,0
MAC003030,Std,2012-05-15,2014-02-27,653,627.0,0
MAC003187,Std,2012-09-13,2014-02-27,532,512.0,0
MAC003235,Std,2012-09-17,2014-02-27,529,506.0,0
MAC003236,Std,2012-09-18,2014-02-27,528,508.0,0
MAC003484,Std,2012-10-03,2013-06-26,267,257.0,1
MAC003614,Std,2012-10-11,2014-02-27,504,486.0,0
MAC003647,Std,2012-10-12,2014-02-27,504,483.0,0
MAC003907,Std,2012-10-26,2014-02-27,489,472.0,0
MAC003995,Std,2012-07-06,2014-02-27,602,580.0,0
MAC003996,Std,2012-07-06,2014-02-27,602,578.0,0
MAC004043,Std,2012-07-06,2014-02-27,602,578.0,0
MAC004124,Std,2012-05-19,2014-02-27,645,621.0,0
MAC004327,Std,2012-03-14,2014-02-27,716,686.0,0
MAC004489,Std,2011-12-19,2014-02-27,802,773.0,0
MAC004490,Std,2011-12-19,2014-02-27,802,768.0,0
MAC004630,Std,2012-07-11,2014-02-27,597,574.0,0
MAC004708,Std,2012-07-13,2014-02-27,595,574.0,0
MAC004759,Std,2012-04-03,2014-02-27,694,666.0,0
MAC004798,Std,2012-04-04,2013-08-04,488,470.0,1
MAC004839,Std,2012-04-10,2014-02-27,687,660.0,0
MAC004928,Std,2012-01-20,2014-02-27,770,744.0,0
MAC004935,Std,2012-01-20,2014-02-27,770,740.0,0
MAC004936,Std,2012-01-20,2014-02-27,770,733.0,0
MAC004984,Std,2012-01-25,2014-02-27,765,738.0,0
MAC005000,Std,2012-01-27,2014-02-27,763,736.0,0
MAC005049,Std,2012-05-29,2014-01-07,586,565.0,0
MAC005050,Std,2012-05-29,2014-02-27,638,614.0,0
MAC005098,Std,2012-05-30,2014-02-27,638,601.0,0
MAC005100,Std,2012-05-30,2013-07-28,424,409.0,1
MAC005332,Std,2012-02-20,2014-02-27,739,710.0,0
MAC005457,Std,2012-04-16,2014-02-27,681,658.0,0
MAC005501,Std,2012-04-17,2014-02-27,682,655.0,0
MAC000165,ToU,2011-11-24,2014-02-27,827,796.0,0
MAC000461,ToU,2012-03-23,2014-02-27,706,681.0,0
MAC000593,ToU,2012-04-12,2014-02-27,685,660.0,0
MAC000932,ToU,2012-05-01,2013-04-08,341,327.0,1
MAC001319,ToU,2012-05-16,2014-02-27,653,625.0,0
MAC002011,ToU,2012-06-12,2014-02-27,623,589.0,0
MAC002277,ToU,2012-04-23,2014-02-27,676,649.0,0
MAC002421,ToU,2012-04-30,2014-02-27,667,638.0,0
MAC002496,ToU,2012-07-07,2014-02-27,601,576.0,0
MAC002758,ToU,2012-05-10,2014-02-27,658,631.0,0
MAC002881,ToU,2012-06-30,2014-02-27,606,583.0,0
MAC003035,ToU,2012-05-15,2014-02-27,653,623.0,0
MAC003988,ToU,2012-07-06,2014-02-27,602,580.0,0
MAC004561,ToU,2011-12-22,2014-02-27,799,769.0,0
MAC004731,ToU,2012-04-02,2014-02-27,696,671.0,0
MAC004744,ToU,2012-04-02,2014-02-27,697,671.0,0
MAC000032,Std,2011-12-07,2014-02-27,814,780.0,0
MAC000084,Std,2011-12-10,2014-02-27,811,781.0,0
MAC000125,Std,2011-12-15,2014-02-27,806,770.0,0
MAC000126,Std,2011-12-15,2014-02-27,806,776.0,0
MAC000230,Std,2011-12-01,2014-02-27,820,789.0,0
MAC000295,Std,2012-03-02,2014-02-27,728,702.0,0
MAC000410,Std,2012-03-21,2012-09-26,190,181.0,1
MAC000509,Std,2012-03-26,2014-02-27,704,677.0,0
MAC000731,Std,2012-04-19,2014-02-27,680,657.0,0
MAC001002,Std,2012-05-02,2014-02-27,664,639.0,0
MAC001080,Std,2012-05-08,2013-09-21,501,482.0,1
MAC001138,Std,2012-05-09,2014-02-27,657,628.0,0
MAC001140,Std,2012-05-09,2014-02-27,657,633.0,0
MAC001328,Std,2012-05-16,2014-02-27,651,626.0,0
MAC001361,Std,2012-05-17,2014-02-27,650,625.0,0
MAC001390,Std,2012-05-17,2014-02-27,648,621.0,0
MAC001468,Std,2012-05-21,2014-02-27,647,625.0,0
MAC001493,Std,2012-05-22,2014-02-27,646,617.0,0
MAC001527,Std,2012-05-22,2014-02-27,647,621.0,0
MAC001530,Std,2012-05-22,2014-02-27,645,620.0,0
MAC001631,Std,2012-05-28,2014-02-27,638,612.0,0
MAC001701,Std,2012-05-29,2014-02-27,639,615.0,0
MAC001877,Std,2012-06-08,2014-02-27,628,601.0,0
MAC001991,Std,2012-06-12,2014-02-27,626,604.0,0
MAC002037,Std,2012-06-14,2014-02-27,624,600.0,0
MAC002079,Std,2012-06-15,2014-02-27,623,597.0,0
MAC002158,Std,2012-06-19,2014-02-27,619,595.0,0
MAC002409,Std,2012-04-30,2012-12-01,215,206.0,1
MAC002412,Std,2012-04-30,2014-02-27,667,639.0,0
MAC002503,Std,2012-07-07,2013-03-06,243,234.0,1
MAC002509,Std,2012-07-07,2014-02-27,601,580.0,0
MAC002747,Std,2012-05-09,2014-02-27,660,632.0,0
MAC002780,Std,2012-05-10,2014-02-27,656,628.0,0
MAC002822,Std,2012-05-11,2014-02-27,657,633.0,0
MAC002865,Std,2012-05-11,2014-02-27,655,630.0,0
MAC002866,Std,2012-05-11,2014-02-27,657,624.0,0
MAC003057,Std,2012-05-15,2014-02-27,653,624.0,0
MAC003121,Std,2012-05-16,2014-02-27,653,624.0,0
MAC003218,Std,2012-09-17,2013-04-11,207,198.0,1
MAC003222,Std,2012-09-17,2014-02-27,528,509.0,0
MAC003263,Std,2012-09-19,2014-02-27,527,508.0,0
MAC003301,Std,2012-09-24,2014-02-27,522,502.0,0
MAC003345,Std,2012-09-26,2013-07-02,210,202.0,1
MAC003460,Std,2012-10-02,2014-02-27,514,493.0,0
MAC003511,Std,2012-10-05,2014-02-27,511,492.0,0
MAC003725,Std,2012-10-17,2013-12-08,418,401.0,0
MAC003726,Std,2012-10-18,2014-02-27,498,477.0,0
MAC003819,Std,2012-10-23,2014-02-27,493,475.0,0
MAC003927,Std,2012-11-09,2014-02-27,476,457.0,0
MAC003952,Std,2012-07-05,2014-02-27,601,578.0,0
MAC004068,Std,2012-05-18,2014-02-27,651,624.0,0
MAC004089,Std,2012-05-18,2014-02-27,651,629.0,0
MAC004216,Std,2012-05-23,2014-02-27,645,613.0,0
MAC004265,Std,2012-05-24,2014-02-27,645,619.0,0
MAC004266,Std,2012-05-24,2014-02-27,642,616.0,0
MAC004312,Std,2012-05-25,2014-02-27,642,619.0,0
MAC004378,Std,2012-03-16,2014-02-27,714,683.0,0
MAC004647,Std,2012-07-12,2014-02-27,596,571.0,0
MAC004843,Std,2012-04-10,2014-02-13,671,646.0,0
MAC005137,Std,2012-05-31,2014-02-27,638,616.0,0
MAC005217,Std,2012-02-04,2014-02-27,755,729.0,0
MAC005452,Std,2012-04-16,2014-02-27,681,651.0,0
MAC005518,Std,2012-04-17,2014-02-27,682,657.0,0
MAC000290,ToU,2012-03-02,2014-02-27,728,701.0,0
MAC001290,ToU,2012-05-14,2013-01-21,250,239.0,1
MAC001823,ToU,2012-06-07,2014-02-27,629,604.0,0
MAC002765,ToU,2012-05-10,2014-02-27,657,631.0,0
MAC002951,ToU,2012-07-05,2014-02-27,603,581.0,0
MAC003474,ToU,2012-10-07,2014-02-27,509,491.0,0
MAC003782,ToU,2012-10-19,2014-02-27,497,480.0,0
MAC003807,ToU,2012-10-22,2014-02-27,494,473.0,0
MAC004559,ToU,2011-12-22,2014-02-27,799,759.0,0
MAC005152,ToU,2012-05-31,2014-02-27,635,612.0,0
MAC005157,ToU,2012-05-31,2014-02-27,634,611.0,0
MAC005535,ToU,2012-04-17,2014-02-27,682,656.0,0
MAC005536,ToU,2012-04-17,2014-02-27,679,652.0,0
MAC000115,Std,2011-12-14,2014-02-27,807,777.0,0
MAC000220,Std,2011-11-30,2014-02-27,821,787.0,0
MAC000249,Std,2012-08-08,2014-02-27,569,546.0,0
MAC000250,Std,2011-12-03,2014-02-27,818,781.0,0
MAC000416,Std,2012-03-21,2014-02-27,707,679.0,0
MAC000527,Std,2012-03-28,2014-02-27,702,675.0,0
MAC000648,Std,2012-10-23,2014-02-27,493,475.0,0
MAC000778,Std,2012-04-20,2014-02-27,679,653.0,0
MAC000808,Std,2012-04-25,2014-02-27,673,648.0,0
MAC000871,Std,2012-04-26,2014-02-27,671,645.0,0
MAC000900,Std,2012-04-27,2014-02-27,672,645.0,0
MAC000980,Std,2012-05-03,2014-02-27,621,600.0,0
MAC001233,Std,2012-05-14,2014-02-27,654,631.0,0
MAC001284,Std,2012-05-14,2013-02-11,272,261.0,1
MAC001377,Std,2012-05-17,2014-02-27,652,627.0,0
MAC001549,Std,2012-05-22,2014-02-27,646,619.0,0
MAC001584,Std,2012-05-25,2014-02-27,644,619.0,0
MAC001659,Std,2012-05-28,2014-02-27,641,618.0,0
MAC001687,Std,2012-05-29,2014-02-27,639,614.0,0
MAC001801,Std,2012-06-06,2014-02-27,631,607.0,0
MAC001829,Std,2012-06-07,2014-02-27,628,605.0,0
MAC002032,Std,2012-06-14,2014-02-27,623,598.0,0
MAC002062,Std,2012-06-14,2014-02-27,624,597.0,0
MAC002104,Std,2012-06-17,2014-02-27,621,598.0,0
MAC002194,Std,2012-06-23,2014-02-27,615,587.0,0
MAC002234,Std,2012-04-21,2013-07-16,452,437.0,1
MAC002272,Std,2012-04-23,2014-02-27,673,649.0,0
MAC002438,Std,2012-04-30,2013-01-22,266,254.0,1
MAC002510,Std,2012-07-07,2013-11-18,500,482.0,1
MAC002550,Std,2012-07-09,2014-02-27,599,571.0,0
MAC002591,Std,2012-07-10,2014-02-27,598,573.0,0
MAC002691,Std,2012-05-04,2014-02-27,665,640.0,0
MAC002766,Std,2012-05-10,2014-02-27,657,629.0,0
MAC002791,Std,2012-05-10,2014-02-27,659,634.0,0
MAC002903,Std,2012-07-04,2014-02-27,603,578.0,0
MAC003081,Std,2012-05-16,2014-02-27,651,627.0,0
MAC003393,Std,2012-09-28,2014-02-27,518,494.0,0
MAC003569,Std,2012-10-09,2014-02-27,506,485.0,0
MAC003660,Std,2012-10-12,2014-02-27,504,480.0,0
MAC003743,Std,2012-10-18,2014-02-27,497,478.0,0
MAC003792,Std,2012-10-22,2014-02-27,494,473.0,0
MAC003878,Std,2012-10-25,2014-02-27,491,472.0,0
MAC003978,Std,2012-07-06,2014-02-27,602,576.0,0
MAC004103,Std,2012-05-18,2014-02-27,651,628.0,0
MAC004210,Std,2012-05-23,2014-02-27,645,618.0,0
MAC004279,Std,2012-05-24,2014-02-27,644,615.0,0
MAC004635,Std,2012-07-12,2014-02-27,596,571.0,0
MAC004636,Std,2012-07-12,2014-02-27,596,571.0,0
MAC005112,Std,2012-05-30,2014-02-27,637,612.0,0
MAC005132,Std,2012-05-31,2014-02-27,638,615.0,0
MAC005415,Std,2012-02-29,2014-02-27,730,699.0,0
MAC005416,Std,2012-02-29,2014-02-27,730,703.0,0
MAC005467,Std,2012-04-16,2014-02-27,676,652.0,0
MAC000336,ToU,2012-03-08,2013-09-29,571,544.0,1
MAC000561,ToU,2012-04-11,2014-02-27,688,659.0,0
MAC000937,ToU,2012-05-01,2014-02-27,668,644.0,0
MAC002490,ToU,2012-07-07,2014-02-27,600,578.0,0
MAC002614,ToU,2012-07-10,2014-02-27,598,574.0,0
MAC003399,ToU,2012-09-28,2014-02-27,517,496.0,0
MAC004001,ToU,2012-07-06,2014-02-27,602,575.0,0
MAC004424,ToU,2012-03-19,2014-02-27,710,683.0,0
MAC003209,Std,2012-09-17,2014-02-27,529,507.0,0
MAC003797,Std,2012-10-22,2014-02-27,494,475.0,0
MAC003254,Std,2012-09-19,2014-01-02,471,453.0,0
MAC003935,Std,2012-07-06,2012-11-06,124,117.0,1
MAC003346,Std,2012-09-26,2012-12-21,87,83.0,1
